"time{s}","chassis\zChassis","wheel\zWheel","ground\zGround","chassis1\zChassis","wheel1\zWheel","ground1\zGround"
0,1,0.5,0,1.00000000000008,0.500000004903325,0
0.01,1,0.5,0,1.00000175542024,0.500161334129386,0
0.02,1,0.5,0,1.00000592758861,0.500244664527112,0
0.03,1,0.5,0,1.00000984004149,0.50021487556319,0
0.04,1,0.5,0,1.00001142352951,0.500110282671612,0
0.05,1,0.5,0,1.00000990581768,0.499989813217472,0
0.06,1,0.5,0,1.00000581493191,0.499904722617919,0
0.07,1,0.5,0,1.00000046776339,0.499880144484645,0
0.08,1,0.5,0,0.999995268021612,0.499911334437586,0
0.09,1,0.5,0,0.999991136191786,0.499972615605632,0
0.1,1,0.5,0,0.999988265620977,0.500032483801721,0
0.11,1,0.5,0,0.999986223984978,0.500067442816627,0
0.12,1,0.5,0,0.999984278278429,0.500069400170565,0
0.13,1,0.5,0,0.999981761926656,0.500045222817564,0
0.14,1,0.5,0,0.999978328883188,0.500010483401817,0
0.15,1,0.5,0,0.999974020964738,0.499981244132109,0
0.16,1,0.5,0,0.999969165965299,0.499967591006788,0
0.17,1,0.5,0,0.999964186846436,0.499971060654723,0
0.18,1,0.5,0,0.999959418461203,0.49998605616473,0
0.19,1,0.5,0,0.999955002469326,0.500003748333764,0
0.2,1,0.5,0,0.999950883469567,0.500016331836733,0
0.21,1,0.5,0,0.999946883909253,0.500019869565376,0
0.22,1,0.5,0,0.999942809494427,0.500014934594311,0
0.23,1,0.5,0,0.999938536187745,0.500005317033095,0
0.24,1,0.5,0,0.999934048734356,0.499995764883293,0
0.25,1,0.5,0,0.999929426933445,0.499989880657086,0
0.26,1,0.5,0,0.999924797428795,0.499988968524807,0
0.27,1,0.5,0,0.999920278220341,0.499992062904565,0
0.28,1,0.5,0,0.999915939541605,0.499996847662671,0
0.29,1,0.5,0,0.999911792683863,0.500000891779734,0
0.3,1,0.5,0,0.999907804559484,0.500002638056785,0
0.31,1,0.5,0,0.999903926143602,0.500001812382649,0
0.32,1,0.5,0,0.999900120253434,0.499999228842456,0
0.33,1,0.5,0,0.999896377827775,0.499996210664489,0
0.34,1,0.5,0,0.999892718981133,0.499993946839154,0
0.35,1,0.5,0,0.999889182009187,0.499993054005541,0
0.36,1,0.5,0,0.999885807535478,0.499993468258013,0
0.37,1,0.5,0,0.999882625210248,0.499994631591222,0
0.38,1,0.5,0,0.999879647610962,0.499995829557325,0
0.39,1,0.5,0,0.999876872047723,0.499996510858324,0
0.4,1,0.5,0,0.999874287686089,0.499996466789508,0
0.41,1,0.5,0,0.999871883910721,0.499995832746079,0
0.42,1,0.5,0,0.999869656328255,0.499994953297185,0
0.43,1,0.5,0,0.999867608594336,0.499994196453705,0
0.44,1,0.5,0,0.999865750331252,0.499993802584657,0
0.45,1,0.5,0,0.999864092886205,0.499993819519575,0
0.46,1,0.5,0,0.999862645120938,0.499994129105011,0
0.47,1,0.5,0,0.999861410893652,0.499994533078391,0
0.48,1,0.5,0,0.999860388832992,0.499994850273503,0
0.49,1,0.5,0,0.999859573956616,0.499994984045067,0
0.5,1,0.5,0,0.999858960064272,0.499994940301595,0
0.51,1,0.5,0,0.999858541783068,0.499994800703881,0
0.52,1,0.5,0,0.999858315546404,0.49999467223457,0
0.53,1,0.5,0,0.999858279380374,0.499994638669373,0
0.54,1,0.5,0,0.999858431873445,0.499994732688216,0
0.55,1,0.5,0,0.999858770939855,0.499994934770712,0
0.56,1,0.5,0,0.999859292924855,0.499995192976795,0
0.57,1,0.5,0,0.999859992335632,0.499995450851705,0
0.58,1,0.5,0,0.999860862167671,0.499995670501515,0
0.59,1,0.5,0,0.99986189456849,0.49999584285972,0
0.6,1,0.5,0,0.999863081508741,0.499995984117654,0
0.61,1,0.5,0,0.999864415206147,0.499996123004996,0
0.62,1,0.5,0,0.999865888205987,0.499996286115511,0
0.63,1,0.5,0,0.999867493180637,0.499996487543669,0
0.64,1,0.5,0,0.999869222607148,0.49999672591093,0
0.65,1,0.5,0,0.999871068492582,0.499996988210354,0
0.66,1,0.5,0,0.999873022257864,0.499997257337581,0
0.67,1,0.5,0,0.999875074802091,0.49999751945971,0
0.68,1,0.5,0,0.999877216692649,0.499997768348221,0
0.69,1,0.5,0,0.999879438389663,0.499998005682341,0
0.7,1,0.5,0,0.999881730421244,0.499998238157473,0
0.71,1,0.5,0,0.999884083465078,0.499998473299018,0
0.72,1,0.5,0,0.999886488339271,0.499998715944098,0
0.73,1,0.5,0,0.999888935940304,0.499998966625258,0
0.74,1,0.5,0,0.999891417177671,0.499999222046217,0
0.75,1,0.5,0,0.999893922944014,0.499999476967561,0
0.76,1,0.5,0,0.999896444136053,0.499999726424169,0
0.77,1,0.5,0,0.999898971717488,0.499999967320045,0
0.78,1,0.5,0,0.999901496800188,0.500000198918122,0
0.79,1,0.5,0,0.999904010717872,0.500000422293603,0
0.8,1,0.5,0,0.999906505075139,0.500000639212895,0
0.810000000000001,1,0.5,0,0.999908971767988,0.500000851017944,0
0.820000000000001,1,0.5,0,0.999911402983665,0.500001057956364,0
0.830000000000001,1,0.5,0,0.99991379119345,0.500001259117288,0
0.840000000000001,1,0.5,0,0.999916129151024,0.500001452855448,0
0.850000000000001,1,0.5,0,0.999918409903292,0.500001637420704,0
0.860000000000001,1,0.5,0,0.999920626813404,0.500001811495871,0
0.870000000000001,1,0.5,0,0.99992277359037,0.500001974452176,0
0.880000000000001,1,0.5,0,0.999924844317764,0.500002126288372,0
0.890000000000001,1,0.5,0,0.999926833475569,0.500002267352605,0
0.900000000000001,1,0.5,0,0.999928735952689,0.500002398008493,0
0.910000000000001,1,0.5,0,0.999930547051338,0.500002518390684,0
0.920000000000001,1,0.5,0,0.999932262486802,0.500002628325372,0
0.930000000000001,1,0.5,0,0.99993387838648,0.500002727408075,0
0.940000000000001,1,0.5,0,0.999935391290834,0.500002815170613,0
0.950000000000001,1,0.5,0,0.99993679815692,0.500002891249977,0
0.960000000000001,1,0.5,0,0.999938096363365,0.500002955491639,0
0.970000000000001,1,0.5,0,0.99993928371479,0.500003007961703,0
0.980000000000001,1,0.5,0,0.999940358443769,0.500003048884324,0
0.990000000000001,1,0.5,0,0.999941319209297,0.500003078546444,0
1,1,0.5,0.1,1.00007960908739,0.503628470803321,0.1
1.01,1.00003782461793,0.504487393432587,0.1,1.00079547133583,0.525029145836711,0.1
1.02,1.00037082192948,0.522818965663796,0.1,1.002619032135,0.564931220144597,0.1
1.03,1.00139386304404,0.552880055035499,0.1,1.00580906413084,0.610436647290517,0.1
1.04,1.00337871521245,0.585607335661725,0.1,1.01024065911704,0.646205200887452,0.1
1.05,1.00635329190403,0.611251680225838,0.1,1.01550177875929,0.662630087606005,0.1
1.06,1.01011506620882,0.623749206240068,0.1,1.02109670142941,0.65909696592131,0.1
1.07,1.01433340064757,0.622446551454652,0.1,1.0266429726275,0.642534802223602,0.1
1.08,1.01867975663326,0.611354999380613,0.1,1.03198145507448,0.62312353075723,0.1
1.09,1.02293136683647,0.596841948222349,0.1,1.03717437212028,0.609623290491773,0.1
1.1,1.02701674431061,0.58496202986108,0.1,1.04241748479322,0.606312152782461,0.1
1.11,1.03099941060023,0.579462129634754,0.1,1.04792085246066,0.612389556295524,0.1
1.12,1.03501887185853,0.581016483704752,0.1,1.05381245611544,0.623512361227788,0.1
1.13,1.03921866257327,0.587689939284399,0.1,1.06009723647404,0.634359332311321,0.1
1.14,1.04368920671507,0.596198096423432,0.1,1.06667456997775,0.640970905707083,0.1
1.15,1.04844195785299,0.603351089672644,0.1,1.07339342923408,0.641994517895475,0.1
1.16,1.05341677685363,0.60714019912441,0.1,1.08011450802951,0.63860323909959,0.1
1.17,1.05851255258496,0.607170833838791,0.1,1.086753117406,0.633434400564691,0.1
1.18,1.0636252515156,0.604438236038848,0.1,1.09329046499503,0.629200056686409,0.1
1.19,1.06867854693319,0.600670959408968,0.1,1.09975636370259,0.627596491341525,0.1
1.2,1.07363807717097,0.597566704144962,0.1,1.10619699201748,0.628873264279108,0.1
1.21,1.07850806542698,0.596209777283348,0.1,1.11264401524169,0.632076191845629,0.1
1.22,1.08331543708777,0.596831690589666,0.1,1.1190969794145,0.635708771116364,0.1
1.23,1.08808975889288,0.598921207272603,0.1,1.12552282270494,0.638451550925536,0.1
1.24,1.09284691095888,0.601567485862414,0.1,1.13186867037065,0.639641328466576,0.1
1.25,1.09758133690637,0.603865121291157,0.1,1.13807973316473,0.639377539904339,0.1
1.26,1.10226765625409,0.605226706489041,0.1,1.14411404528053,0.638301989364347,0.1
1.27,1.10686899858435,0.605515160443171,0.1,1.14994898123115,0.637216295207211,0.1
1.28,1.11134767659074,0.604990233824002,0.1,1.15557893725606,0.636726702391053,0.1
1.29,1.11567398318196,0.604129325726204,0.1,1.16100719997112,0.637050218940622,0.1
1.3,1.11983049062179,0.603412900360343,0.1,1.16623660643961,0.638020556752559,0.1
1.31,1.12381137585904,0.603156875126252,0.1,1.17126298674644,0.639244255027602,0.1
1.32,1.12761812731657,0.603439626037541,0.1,1.17607333414029,0.640309726568867,0.1
1.33,1.13125393963599,0.604127768722855,0.1,1.18064831684379,0.640954054160669,0.1
1.34,1.13471904103119,0.604969671902974,0.1,1.18496711874446,0.641131586264109,0.1
1.35,1.13800837109792,0.605709104846647,0.1,1.18901215002073,0.640980444903875,0.1
1.36,1.14111189316428,0.606175083368736,0.1,1.19277180037382,0.640724340985791,0.1
1.37,1.1440168465943,0.606322066225764,0.1,1.19624061220941,0.640563822245053,0.1
1.38,1.14671072573619,0.606217662756971,0.1,1.19941741696813,0.640602451042859,0.1
1.39,1.14918379051622,0.605993859080414,0.1,1.202302653081,0.640828834216388,0.1
1.4,1.15143034252271,0.605786846408397,0.1,1.20489611781361,0.641148394488754,0.1
1.41,1.15344859917122,0.605688877822223,0.1,1.20719593598106,0.641440552060237,0.1
1.42,1.15523952144239,0.605726165436813,0.1,1.20919886073564,0.641612695130551,0.1
1.43,1.15680523328659,0.6058646601386,0.1,1.21090146634199,0.641630359297797,0.1
1.44,1.15814766880442,0.606035469808514,0.1,1.2123015429939,0.641517311262251,0.1
1.45,1.15926786109983,0.606166702536248,0.1,1.21339908582132,0.64133262286451,0.1
1.46,1.16016597063251,0.606209248213664,0.1,1.21419657329156,0.641139242278766,0.1
1.47,1.16084187163165,0.606148908486667,0.1,1.21469858212809,0.640978498622753,0.1
1.48,1.16129596133498,0.606003719584427,0.1,1.21491103595685,0.640859214671368,0.1
1.49,1.1615298537788,0.605810708448715,0.1,1.21484045836086,0.640762274227788,0.1
1.5,1.16154673491413,0.605609040069841,0.1,1.21449351062045,0.640655179994774,0.1
1.51,1.16135132262677,0.605426209367174,0.1,1.21387691465579,0.640508480569456,0.1
1.52,1.1609495243445,0.605271386101166,0.1,1.21299768478634,0.640307127643242,0.1
1.53,1.16034796854976,0.605136620324212,0.1,1.21186348714638,0.64005347065204,0.1
1.54,1.15955359031164,0.605003730299202,0.1,1.21048293730761,0.639762681486535,0.1
1.55,1.15857339145213,0.604853210504273,0.1,1.20886571530891,0.639454207278369,0.1
1.56,1.15741440797307,0.604671615799219,0.1,1.20702247753438,0.639143568377688,0.1
1.57,1.1560838377945,0.604455199380642,0.1,1.204964629607,0.638837660733199,0.1
1.58,1.15458923641981,0.604209379118958,0.1,1.20270406384922,0.638534588877491,0.1
1.59,1.15293868497412,0.603945149419574,0.1,1.20025295405923,0.638227021650503,0.1
1.6,1.1511408658036,0.603674365602186,0.1,1.19762365550788,0.637906908471398,0.1
1.61,1.14920502722247,0.603405787881881,0.1,1.19482870495915,0.637569367635829,0.1
1.62,1.14714086144876,0.603143086320573,0.1,1.19188087710469,0.637214403303114,0.1
1.63,1.14495834443218,0.602885058991205,0.1,1.18879324179177,0.63684628418103,0.1
1.64,1.14266758857063,0.602627491297235,0.1,1.18557917931365,0.636471380968884,0.1
1.65,1.14027874344371,0.602365642986728,0.1,1.1822523378337,0.63609568044823,0.1
1.66,1.1378019552296,0.602096358379782,0.1,1.17882654383893,0.635723033856005,0.1
1.67,1.13524737282549,0.601819150814298,0.1,1.17531569275136,0.635354656680187,0.1
1.68,1.13262517530989,0.601536113448367,0.1,1.17173364855426,0.634989779944323,0.1
1.69,1.12994559383765,0.601250948881425,0.1,1.16809417125851,0.634626921487338,0.1
1.7,1.12721890923285,0.600967650401233,0.1,1.16441087599071,0.634265126433715,0.1
1.71,1.12445541942785,0.600689369379493,0.1,1.16069721455841,0.633904692281439,0.1
1.72,1.12166538296434,0.600417819216559,0.1,1.15696646414706,0.633547212527675,0.1
1.73,1.11885895201749,0.600153301733394,0.1,1.15323170918516,0.633195081556775,0.1
1.74,1.11604610939059,0.599895206780461,0.1,1.14950580903506,0.632850782830461,0.1
1.75,1.11323661971135,0.599642705086199,0.1,1.14580135216716,0.632516291985927,0.1
1.76,1.11043999826644,0.599395350013458,0.1,1.14213060336143,0.632192802644166,0.1
1.77,1.107665494471,0.599153399164361,0.1,1.13850545242294,0.6318808060611,0.1
1.78,1.10492208303678,0.598917806328505,0.1,1.13493737105814,0.631580408576427,0.1
1.79,1.10221845527849,0.598689959779589,0.1,1.13143738055606,0.631291704341563,0.1
1.8,1.09956300515709,0.598471313986554,0.1,1.12801602884317,0.631015042225723,0.1
1.81,1.09696380822612,0.598263065943173,0.1,1.12468337295869,0.630751105844935,0.1
1.82,1.09442859506959,0.598065978071103,0.1,1.12144896265398,0.630500818813025,0.1
1.83,1.09196472293799,0.597880376046383,0.1,1.11832182227246,0.63026515364385,0.1
1.84,1.08957914965962,0.597706282924993,0.1,1.1153104303127,0.630044942361266,0.1
1.85,1.08727841278598,0.597543612352897,0.1,1.11242269803766,0.629840763087016,0.1
1.86,1.08506861504251,0.597392340478855,0.1,1.10966594945651,0.629652929352545,0.1
1.87,1.08295541532412,0.597252601618011,0.1,1.10704690482454,0.629481562024641,0.1
1.88,1.08094402331895,0.597124691519842,0.1,1.1045716688197,0.629326695914088,0.1
1.89,1.07903919561292,0.597008997819041,0.1,1.10224572333912,0.629188370846707,0.1
1.9,1.07724523169099,0.596905898186201,0.1,1.10007392394794,0.629066675081917,0.1
1.91,1.0755659692355,0.59681566889009,0.1,1.09806049868986,0.628961735480835,0.1
1.92,1.0740047790882,0.596738433366369,0.1,1.09620904822043,0.628873671279653,0.1
1.93,1.07256456085847,0.596674159935331,0.1,1.09452254681239,0.628802538798132,0.1
1.94,1.07124774028815,0.596622698760644,0.1,1.09300334439136,0.628748291600456,0.1
1.95,1.07005626918668,0.596583836788143,0.1,1.09165317014276,0.62871076878189,0.1
1.96,1.06899162822501,0.596557347965237,0.1,1.09047313828628,0.628689709999021,0.1
1.97,1.06805483235451,0.596543022798386,0.1,1.08946375639589,0.628684785674198,0.1
1.98,1.06724643827746,0.596540672080373,0.1,1.08862493630021,0.628695627598513,0.1
1.99,1.06656655331356,0.596550109773775,0.1,1.08795600729337,0.62872184854812,0.1
2,1.06601484515204,0.596571126187317,0.1,1.08745573122936,0.628763046614544,0.1
2.01,1.06559055224918,0.596603463489665,0.1,1.0871223190896,0.62881879705489,0.1
2.02,1.06529249490286,0.596646802128458,0.1,1.08695344875355,0.628888638778667,0.1
2.03,1.0651190872141,0.596700761048113,0.1,1.08694628388088,0.628972063060957,0.1
2.04,1.06506835018763,0.596764909188589,0.1,1.08709749394902,0.629068509427929,0.1
2.05,1.06513792614554,0.596838782417414,0.1,1.08740327553773,0.629177369682797,0.1
2.06,1.06532509448166,0.596921899488584,0.1,1.08785937491401,0.629297997616674,0.1
2.07,1.06562678863647,0.597013772408307,0.1,1.08846111187978,0.62942972030194,0.1
2.08,1.06603961407259,0.597113909574443,0.1,1.08920340475045,0.629571847226326,0.1
2.09,1.06655986700409,0.59722181293919,0.1,1.09008079627092,0.629723675276571,0.1
2.1,1.06718355367024,0.597336972246035,0.1,1.09108748026409,0.629884489700169,0.1
2.11,1.06790641001927,0.597458859729276,0.1,1.09221732883745,0.630053562737037,0.1
2.12,1.06872392174513,0.59758692774801,0.1,1.09346392002382,0.630230152133605,0.1
2.13,1.06963134467286,0.597720610254922,0.1,1.09482056577827,0.630413501270725,0.1
2.14,1.07062372550303,0.597859327465325,0.1,1.09628034027797,0.630602841581172,0.1
2.15,1.07169592290658,0.598002492118151,0.1,1.09783610847031,0.630797396855917,0.1
2.16,1.07284262892244,0.598149515520328,0.1,1.09948055479485,0.63099638837139,0.1
2.17,1.07405839056975,0.598299812035677,0.1,1.10120621197888,0.631199039679561,0.1
2.18,1.07533763155933,0.59845280150645,0.1,1.10300548978749,0.631404580288382,0.1
2.19,1.07667467398195,0.598607909913043,0.1,1.10487070360281,0.631612248056795,0.1
2.2,1.07806375986268,0.59876456910389,0.1,1.1067941027151,0.631821290650625,0.1
2.21,1.07949907249305,0.598922216545696,0.1,1.10876789822437,0.632030966664476,0.1
2.22,1.08097475747688,0.599080295804307,0.1,1.11078429046823,0.632240546970427,0.1
2.23,1.08248494344329,0.599238258032204,0.1,1.11283549590458,0.632449316596323,0.1
2.24,1.0840237623874,0.599395564304061,0.1,1.11491377338291,0.632656577117421,0.1
2.25,1.08558536959694,0.59955168835798,0.1,1.11701144973769,0.63286164930595,0.1
2.26,1.08716396311483,0.599706119231837,0.1,1.11912094463333,0.633063875699536,0.1
2.27,1.08875380267892,0.599858363407033,0.1,1.12123479458757,0.633262622817955,0.1
2.27999999999999,1.09034922807498,0.600007946300808,0.1,1.12334567610083,0.633457282915322,0.1
2.28999999999999,1.09194467683946,0.600154413179907,0.1,1.12544642782343,0.633647275318463,0.1
2.29999999999999,1.09353470125426,0.600297329722117,0.1,1.12753007170048,0.633832047505831,0.1
2.30999999999999,1.09511398458493,0.600436282492137,0.1,1.12958983304288,0.634011076098441,0.1
2.31999999999999,1.09667735652336,0.600570879536137,0.1,1.13161915948087,0.634183867878696,0.1
2.32999999999999,1.09821980780374,0.600700751179719,0.1,1.13361173876255,0.634349960864119,0.1
2.33999999999999,1.09973650396597,0.600825550991335,0.1,1.13556151536409,0.634508925384022,0.1
2.34999999999999,1.10122279824273,0.60094495679084,0.1,1.13746270588103,0.634660365067152,0.1
2.35999999999999,1.10267424354715,0.601058671560549,0.1,1.13930981317285,0.634803917654082,0.1
2.36999999999999,1.10408660353843,0.601166424148204,0.1,1.14109763923659,0.634939255586668,0.1
2.37999999999999,1.10545586274384,0.601267969714667,0.1,1.14282129678943,0.635066086375492,0.1
2.38999999999999,1.10677823571851,0.601363089944829,0.1,1.14447621954598,0.6351841527833,0.1
2.39999999999999,1.10805017522838,0.601451593085162,0.1,1.14605817118154,0.635293232876421,0.1
2.40999999999999,1.10926837944715,0.601533313884573,0.1,1.14756325297853,0.635393139986948,0.1
2.41999999999999,1.11042979816301,0.601608113499397,0.1,1.14898791015832,0.635483722605487,0.1
2.42999999999999,1.11153163799591,0.601675879390595,0.1,1.15032893690528,0.635564864199917,0.1
2.43999999999999,1.11257136662983,0.601736525206741,0.1,1.15158348009354,0.635636482940056,0.1
2.44999999999999,1.11354671606755,0.601789990622587,0.1,1.15274904173079,0.635698531305477,0.1
2.45999999999999,1.11445568491794,0.60183624109596,0.1,1.15382348013703,0.635750995562177,0.1
2.46999999999999,1.11529653972768,0.601875267514068,0.1,1.15480500987973,0.635793895107492,0.1
2.47999999999999,1.1160678153721,0.601907085717905,0.1,1.15569220049098,0.635827281694971,0.1
2.48999999999999,1.11676831452195,0.601931735912085,0.1,1.15648397399607,0.635851238557543,0.1
2.49999999999999,1.11739710620638,0.601949281980573,0.1,1.15717960128653,0.635865879446924,0.1
2.50999999999999,1.11795352349494,0.601959810733089,0.1,1.1577786973745,0.635871347601848,0.1
2.51999999999999,1.11843716032504,0.601963431103004,0.1,1.15828121556799,0.635867814650587,0.1
2.52999999999999,1.11884786750339,0.601960273308589,0.1,1.1586874406098,0.635855479447836,0.1
2.53999999999999,1.11918574791285,0.601950487979796,0.1,1.15899798082506,0.635834566843957,0.1
2.54999999999999,1.11945115095797,0.601934245245895,0.1,1.15921375932475,0.635805326386068,0.1
2.55999999999999,1.11964466628388,0.601911733777043,0.1,1.1593360043148,0.635768030954025,0.1
2.56999999999999,1.11976711680531,0.601883159775014,0.1,1.15936623856226,0.635722975338152,0.1
2.57999999999999,1.11981955108331,0.601848745913135,0.1,1.15930626807198,0.635670474768098,0.1
2.58999999999999,1.11980323508903,0.601808730230726,0.1,1.15915817002897,0.63561086340274,0.1
2.59999999999999,1.11971964339499,0.601763364991113,0.1,1.15892428006286,0.635544492789881,0.1
2.60999999999999,1.1195704498357,0.601712915513599,0.1,1.15860717889242,0.635471730302474,0.1
2.61999999999999,1.11935751768039,0.601657658988715,0.1,1.15820967840856,0.635392957556267,0.1
2.62999999999999,1.11908288936148,0.601597883283606,0.1,1.15773480725525,0.635308568812671,0.1
2.63999999999999,1.11874877580347,0.601533885741533,0.1,1.15718579596809,0.635218969370713,0.1
2.64999999999999,1.11835754539669,0.601465971977485,0.1,1.15656606173052,0.635124573952591,0.1
2.65999999999999,1.11791171266126,0.601394454671032,0.1,1.15587919280774,0.635025805088417,0.1
2.66999999999999,1.11741392664624,0.601319652358051,0.1,1.15512893271814,0.634923091506413,0.1
2.67999999999999,1.11686695910889,0.601241888224124,0.1,1.15431916420201,0.634816866535053,0.1
2.68999999999999,1.11627369251911,0.601161488903808,0.1,1.15345389304649,0.634707566523322,0.1
2.69999999999999,1.11563710793332,0.601078783290921,0.1,1.15253723182511,0.634595629284549,0.1
2.70999999999999,1.11496027278192,0.600994101365286,0.1,1.15157338360941,0.634481492568549,0.1
2.71999999999999,1.11424632861384,0.60090777304097,0.1,1.15056662570896,0.63436559256622,0.1
2.72999999999999,1.11349847884089,0.600820127040232,0.1,1.1495212934948,0.634248362450463,0.1
2.73999999999999,1.11271997652379,0.600731489796467,0.1,1.14844176435993,0.634130230957232,0.1
2.74999999999998,1.11191411224085,0.60064218438867,0.1,1.14733244186889,0.634011621010593,0.1
2.75999999999998,1.11108420207886,0.600552529509583,0.1,1.1461977401467,0.633892948395742,0.1
2.76999999999998,1.11023357578491,0.600462838469595,0.1,1.14504206855565,0.633774620483794,0.1
2.77999999999998,1.10936556511596,0.600373418238677,0.1,1.14386981670632,0.633657035011946,0.1
2.78999999999998,1.10848349242217,0.600284568528846,0.1,1.14268533984728,0.633540578922212,0.1
2.79999999999998,1.10759065949784,0.60019658091976,0.1,1.14149294467556,0.633425627261515,0.1
2.80999999999998,1.10669033673262,0.600109738029992,0.1,1.14029687560772,0.633312542145509,0.1
2.81999999999998,1.10578575259389,0.600024312736263,0.1,1.13910130154894,0.6332016717882,0.1
2.82999999999998,1.10488008346918,0.599940567442524,0.1,1.13791030319511,0.633093349599172,0.1
2.83999999999998,1.10397644389617,0.599858753400353,0.1,1.1367278609002,0.632987893350034,0.1
2.84999999999998,1.10307787720542,0.599779110081772,0.1,1.13555784313885,0.63288560441152,0.1
2.85999999999998,1.10218734659935,0.599701864605296,0.1,1.13440399559112,0.63278676706246,0.1
2.86999999999998,1.10130772668892,0.599627231215876,0.1,1.13326993087398,0.632691647871576,0.1
2.87999999999998,1.10044179550747,0.599555410819284,0.1,1.13215911894122,0.632600495152784,0.1
2.88999999999998,1.09959222701912,0.599486590571386,0.1,1.13107487817069,0.632513538494345,0.1
2.89999999999998,1.09876158413708,0.599420943522676,0.1,1.13002036715521,0.632430988361947,0.1
2.90999999999998,1.09795231226517,0.599358628318258,0.1,1.12899857721057,0.632353035775477,0.1
2.91999999999998,1.09716673337388,0.599299788953268,0.1,1.12801232561136,0.632279852059028,0.1
2.92999999999998,1.09640704062008,0.599244554583496,0.1,1.1270642495628,0.632211588663446,0.1
2.93999999999998,1.09567529351755,0.599193039390715,0.1,1.12615680091369,0.632148377060504,0.1
2.94999999999998,1.09497341366348,0.599145342501999,0.1,1.12529224161342,0.63209032870762,0.1
2.95999999999998,1.09430318102408,0.599101547962145,0.1,1.12447263991303,0.632037535081769,0.1
2.96999999999998,1.09366623078035,0.599061724758108,0.1,1.12369986730789,0.631990067781081,0.1
2.97999999999998,1.09306405073329,0.599025926894286,0.1,1.12297559621704,0.631947978692378,0.1
2.98999999999998,1.09249797926593,0.598994193517325,0.1,1.12230129839196,0.631911300222699,0.1
2.99999999999998,1.09196920385741,0.598966549089033,0.1,1.12167824404493,0.631880045592696,0.1
3.00999999999998,1.09147876014311,0.598943003605845,0.1,1.12110750168512,0.631854209189584,0.1
3.01999999999998,1.09102753151245,0.598923552863163,0.1,1.12058993864828,0.631833766977211,0.1
3.02999999999998,1.09061624923492,0.598908178762762,0.1,1.1201262223038,0.631818676960628,0.1
3.03999999999998,1.09024549310278,0.59889684966133,0.1,1.11971682192091,0.631808879702474,0.1
3.04999999999998,1.08991569257773,0.598889520758081,0.1,1.11936201117408,0.631804298888318,0.1
3.05999999999998,1.08962712842715,0.598886134519304,0.1,1.11906187126563,0.631804841938013,0.1
3.06999999999998,1.08937993483425,0.598886621137607,0.1,1.11881629464219,0.631810400660035,0.1
3.07999999999998,1.08917410196513,0.598890899023581,0.1,1.11862498927991,0.631820851945671,0.1
3.08999999999998,1.08900947897462,0.598898875327514,0.1,1.11848748351186,0.631836058499838,0.1
3.09999999999998,1.08888577743145,0.598910446488768,0.1,1.11840313137009,0.631855869605286,0.1
3.10999999999998,1.08880257514251,0.598925498810389,0.1,1.11837111841313,0.631880121916871,0.1
3.11999999999998,1.08875932035494,0.598943909056465,0.1,1.1183904680091,0.63190864028254,0.1
3.12999999999998,1.0887553363137,0.598965545069739,0.1,1.11846004804335,0.631941238587686,0.1
3.13999999999998,1.08878982615201,0.598990266406937,0.1,1.11857857801897,0.631977720619483,0.1
3.14999999999998,1.08886187809086,0.599017924989291,0.1,1.11874463651765,0.632017880947837,0.1
3.15999999999998,1.08897047092357,0.599048365765705,0.1,1.11895666898793,0.632061505819606,0.1
3.16999999999998,1.0891144797608,0.599081427386034,0.1,1.11921299582735,0.632108374062727,0.1
3.17999999999998,1.08929268201092,0.599116942881975,0.1,1.11951182072476,0.632158257996984,0.1
3.18999999999998,1.0895037635706,0.599154740353077,0.1,1.1198512392289,0.632210924348135,0.1
3.19999999999998,1.08974632520006,0.599194643655432,0.1,1.12022924750913,0.632266135162214,0.1
3.20999999999998,1.09001888905739,0.599236473090632,0.1,1.12064375127449,0.63232364871687,0.1
3.21999999999997,1.09031990536643,0.599280046092658,0.1,1.1210925748171,0.632383220426685,0.1
3.22999999999997,1.0906477591926,0.599325177910371,0.1,1.12157347014651,0.632444603739505,0.1
3.23999999999997,1.09100077730136,0.599371682283391,0.1,1.12208412618189,0.632507551020893,0.1
3.24999999999997,1.09137723507419,0.599419372109181,0.1,1.12262217796926,0.632571814423935,0.1
3.25999999999997,1.09177536345726,0.599468060099236,0.1,1.12318521589178,0.632637146741723,0.1
3.26999999999997,1.09219335591841,0.599517559422367,0.1,1.12377079484177,0.632703302239957,0.1
3.27999999999997,1.0926293753885,0.599567684333147,0.1,1.12437644332382,0.632770037467226,0.1
3.28999999999997,1.0930815611638,0.599618250783674,0.1,1.12499967245926,0.632837112040669,0.1
3.29999999999997,1.09354803574655,0.599669077016919,0.1,1.12563798486325,0.632904289404826,0.1
3.30999999999997,1.0940269116018,0.599719984139996,0.1,1.12628888336676,0.632971337561645,0.1
3.31999999999997,1.0945162978089,0.599770796675834,0.1,1.12694987955682,0.633038029769748,0.1
3.32999999999997,1.0950143065875,0.599821343091795,0.1,1.12761850210955,0.633104145211194,0.1
3.33999999999997,1.0955190596779,0.599871456303916,0.1,1.12829230489179,0.633169469624138,0.1
3.34999999999997,1.09602869455742,0.599920974155559,0.1,1.12896887480844,0.633233795899932,0.1
3.35999999999997,1.09654137047464,0.599969739869358,0.1,1.12964583937384,0.633296924643349,0.1
3.36999999999997,1.09705527428479,0.600017602471475,0.1,1.13032087398712,0.633358664694794,0.1
3.37999999999997,1.09756862607048,0.600064417187283,0.1,1.13099170889268,0.633418833613497,0.1
3.38999999999997,1.09807968453295,0.600110045807719,0.1,1.13165613580856,0.633477258120846,0.1
3.39999999999997,1.09858675214024,0.600154357025656,0.1,1.13231201420697,0.633533774503161,0.1
3.40999999999997,1.09908818001965,0.600197226741772,0.1,1.13295727723253,0.633588228973392,0.1
3.41999999999997,1.09958237258311,0.6002385383395,0.1,1.13358993724568,0.633640477991333,0.1
3.42999999999997,1.10006779187519,0.600278182928744,0.1,1.13420809098002,0.633690388542139,0.1
3.43999999999997,1.10054296163455,0.600316059558202,0.1,1.13480992430379,0.633737838373039,0.1
3.44999999999997,1.10100647106098,0.600352075396192,0.1,1.13539371657771,0.633782716188317,0.1
3.45999999999997,1.10145697828119,0.600386145880023,0.1,1.13595784460232,0.63382492180275,0.1
3.46999999999997,1.10189321350774,0.600418194834061,0.1,1.13650078615008,0.63386436625385,0.1
3.47999999999997,1.10231398188664,0.600448154556712,0.1,1.13702112307867,0.63390097187337,0.1
3.48999999999997,1.10271816603036,0.600475965876685,0.1,1.13751754402344,0.633934672318681,0.1
3.49999999999997,1.10310472823409,0.600501578178965,0.1,1.1379888466687,0.633965412564745,0.1
3.50999999999997,1.10347271237419,0.60052494940104,0.1,1.13843393959876,0.633993148857531,0.1
3.51999999999997,1.10382124548889,0.600546046000007,0.1,1.13885184373093,0.634017848629825,0.1
3.52999999999997,1.10414953904254,0.600564842891261,0.1,1.13924169333462,0.634039490380514,0.1
3.53999999999997,1.1044568898754,0.600581323359584,0.1,1.13960273664124,0.634058063518507,0.1
3.54999999999997,1.10474268084239,0.600595478943481,0.1,1.13993433605158,0.634073568172565,0.1
3.55999999999997,1.10500638114502,0.600607309293731,0.1,1.14023596794825,0.634086014968394,0.1
3.56999999999997,1.10524754636159,0.600616822007163,0.1,1.14050722212192,0.634095424774452,0.1
3.57999999999997,1.10546581818192,0.600624032436721,0.1,1.14074780082147,0.634101828417972,0.1
3.58999999999997,1.10566092385353,0.60062896347898,0.1,1.14095751743902,0.634105266372814,0.1
3.59999999999997,1.1058326753471,0.600631645340284,0.1,1.14113629484193,0.63410578842078,0.1
3.60999999999997,1.10598096824999,0.600632115282761,0.1,1.14128416336489,0.634103453288107,0.1
3.61999999999997,1.10610578039698,0.600630417351478,0.1,1.14140125847584,0.6340983282589,0.1
3.62999999999997,1.10620717024858,0.600626602084082,0.1,1.14148781813068,0.634090488767307,0.1
3.63999999999997,1.10628527502742,0.600620726204256,0.1,1.14154417983214,0.634080017970262,0.1
3.64999999999997,1.10634030862434,0.600612852300387,0.1,1.14157077740908,0.634067006302679,0.1
3.65999999999997,1.10637255928574,0.600603048490841,0.1,1.14156813753302,0.634051551016968,0.1
3.66999999999997,1.10638238709498,0.600591388077261,0.1,1.14153687598927,0.634033755708775,0.1
3.67999999999997,1.10637022126038,0.600577949187331,0.1,1.14147769372049,0.634013729830871,0.1
3.68999999999996,1.10633655722319,0.600562814408433,0.1,1.14139137266105,0.633991588197076,0.1
3.69999999999996,1.10628195359916,0.600546070413632,0.1,1.14127877138063,0.633967450478137,0.1
3.70999999999996,1.10620702896753,0.600527807581439,0.1,1.141140820556,0.633941440691456,0.1
3.71999999999996,1.10611245852149,0.600508119610768,0.1,1.14097851829009,0.633913686686519,0.1
3.72999999999996,1.10599897059458,0.600487103132498,0.1,1.14079292529742,0.633884319627906,0.1
3.73999999999996,1.10586734307728,0.600464857319048,0.1,1.14058515997528,0.633853473477682,0.1
3.74999999999996,1.10571839973836,0.600441483493325,0.1,1.14035639337973,0.633821284478948,0.1
3.75999999999996,1.10555300646553,0.600417084738412,0.1,1.14010784412576,0.63378789064232,0.1
3.76999999999996,1.10537206743989,0.600391765509286,0.1,1.1398407732305,0.633753431237007,0.1
3.77999999999996,1.10517652125852,0.600365631247877,0.1,1.13955647891835,0.633718046288142,0.1
3.78999999999996,1.10496733701969,0.6003387880027,0.1,1.13925629140664,0.633681876081968,0.1
3.79999999999996,1.10474551038461,0.600311342054262,0.1,1.13894156768999,0.633645060680392,0.1
3.80999999999996,1.10451205962989,0.600283399547409,0.1,1.13861368634133,0.633607739446377,0.1
3.81999999999996,1.10426802170413,0.600255066131728,0.1,1.13827404234692,0.633570050581588,0.1
3.82999999999996,1.10401444830226,0.600226446611056,0.1,1.13792404199244,0.633532130677592,0.1
3.83999999999996,1.10375240197046,0.600197644603114,0.1,1.13756509781651,0.633494114281892,0.1
3.84999999999996,1.10348295225447,0.600168762210208,0.1,1.13719862364755,0.633456133479958,0.1
3.85999999999996,1.10320717190349,0.600139899701915,0.1,1.13682602973927,0.63341831749435,0.1
3.86999999999996,1.10292613314144,0.600111155210553,0.1,1.13644871801927,0.63338079230197,0.1
3.87999999999996,1.10264090401704,0.600082624440258,0.1,1.13606807746476,0.633343680270346,0.1
3.88999999999996,1.10235254484341,0.600054400390332,0.1,1.13568547961858,0.633307099813833,0.1
3.89999999999996,1.10206210473759,0.600026573093553,0.1,1.13530227425794,0.633271165070457,0.1
3.90999999999996,1.10177061826971,0.599999229370003,0.1,1.13491978522744,0.633235985600112,0.1
3.91999999999996,1.10147910223093,0.599972452596952,0.1,1.13453930644743,0.633201666104679,0.1
3.92999999999996,1.10118855252887,0.599946322495242,0.1,1.13416209810745,0.633168306170579,0.1
3.93999999999996,1.10089994121834,0.599920914932566,0.1,1.13378938305424,0.633136000034165,0.1
3.94999999999996,1.10061421367483,0.599896301743958,0.1,1.13342234338236,0.633104836370305,0.1
3.95999999999996,1.10033228591736,0.599872550569761,0.1,1.13306211723507,0.633074898104365,0.1
3.96999999999996,1.10005504208692,0.599849724711258,0.1,1.13270979582198,0.633046262247777,0.1
3.97999999999996,1.09978333208568,0.599827883004099,0.1,1.13236642065919,0.633018999757256,0.1
3.98999999999996,1.09951796938188,0.599807079709583,0.1,1.13203298103674,0.632993175417652,0.1
3.99999999999996,1.09925972898441,0.599787364423806,0.1,1.1317104117173,0.632968847748354,0.1
4.00999999999996,1.09900934559046,0.599768782004607,0.1,1.13139959086926,0.632946068933077,0.1
4.01999999999996,1.09876751190909,0.599751372516205,0.1,1.13110133823628,0.632924884772779,0.1
4.02999999999996,1.09853487716272,0.59973517119134,0.1,1.1308164135448,0.632905334661404,0.1
4.03999999999996,1.09831204576801,0.599720208410695,0.1,1.13054551514997,0.632887451584045,0.1
4.04999999999996,1.09809957619696,0.599706509699303,0.1,1.13028927891964,0.632871262137079,0.1
4.05999999999996,1.0978979800184,0.599694095739615,0.1,1.13004827735533,0.63285678656974,0.1
4.06999999999996,1.09770772111931,0.599682982400822,0.1,1.12982301894833,0.632844038846551,0.1
4.07999999999996,1.09752921510516,0.599673180784013,0.1,1.12961394776807,0.63283302672997,0.1
4.08999999999996,1.09736282887728,0.599664697282678,0.1,1.1294214432796,0.632823751882528,0.1
4.09999999999996,1.09720888038543,0.599657533658032,0.1,1.12924582038584,0.632816209987738,0.1
4.10999999999996,1.09706763855243,0.599651687128605,0.1,1.12908732968988,0.632810390888941,0.1
4.11999999999996,1.09693932336788,0.59964715047349,0.1,1.12894615797185,0.632806278745257,0.1
4.12999999999996,1.09682410614692,0.599643912148617,0.1,1.12882242887434,0.632803852203754,0.1
4.13999999999996,1.09672210994989,0.599641956415389,0.1,1.12871620378953,0.632803084586901,0.1
4.14999999999996,1.09663341015802,0.599641263480982,0.1,1.12862748294104,0.63280394409435,0.1
4.15999999999995,1.0965580352001,0.599641809649595,0.1,1.12855620665252,0.632806394018061,0.1
4.16999999999995,1.09649596742443,0.599643567483902,0.1,1.12850225679493,0.632810392969758,0.1
4.17999999999995,1.09644714411003,0.599646505975945,0.1,1.12846545840383,0.632815895119671,0.1
4.18999999999995,1.09641145861101,0.599650590726692,0.1,1.12844558145751,0.632822850445535,0.1
4.19999999999995,1.09638876162712,0.59965578413347,0.1,1.12844234280667,0.632831204990752,0.1
4.20999999999995,1.09637886259388,0.599662045584462,0.1,1.12845540824583,0.632840901130667,0.1
4.21999999999995,1.09638153118472,0.599669331659469,0.1,1.12848439471639,0.632851877845873,0.1
4.22999999999995,1.09639649891806,0.599677596336116,0.1,1.12852887263129,0.632864071001444,0.1
4.23999999999995,1.09642346086136,0.599686791200683,0.1,1.12858836831045,0.632877413631056,0.1
4.24999999999995,1.09646207742449,0.599696865662754,0.1,1.12866236651668,0.632891836224878,0.1
4.25999999999995,1.09651197623447,0.599707767172866,0.1,1.12875031308112,0.632907267020211,0.1
4.26999999999995,1.09657275408335,0.599719441442355,0.1,1.12885161760736,0.632923632293789,0.1
4.27999999999995,1.09664397894126,0.599731832664601,0.1,1.12896565624351,0.632940856654735,0.1
4.28999999999995,1.09672519202626,0.599744883736892,0.1,1.12909177451112,0.632958863337132,0.1
4.29999999999995,1.09681590992282,0.599758536482133,0.1,1.12922929018022,0.632977574491238,0.1
4.30999999999995,1.09691562674071,0.599772731869652,0.1,1.12937749617972,0.632996911472359,0.1
4.31999999999995,1.09702381630602,0.599787410234351,0.1,1.12953566353228,0.633016795126449,0.1
4.32999999999995,1.09713993437629,0.599802511493518,0.1,1.12970304430337,0.633037146071529,0.1
4.33999999999995,1.0972634208715,0.599817975360572,0.1,1.1298788745539,0.633057884974042,0.1
4.34999999999995,1.09739370211323,0.599833741555109,0.1,1.13006237728636,0.633078932819307,0.1
4.35999999999995,1.09753019306391,0.59984975000858,0.1,1.13025276537458,0.633100211175274,0.1
4.36999999999995,1.09767229955871,0.599865941065007,0.1,1.13044924446719,0.633121642448806,0.1
4.37999999999995,1.09781942052252,0.599882255676145,0.1,1.13065101585573,0.633143150133777,0.1
4.38999999999995,1.09797095016475,0.599898635590546,0.1,1.130857279298,0.633164659050296,0.1
4.39999999999995,1.09812628014494,0.599915023535994,0.1,1.13106723578816,0.633186095574436,0.1
4.40999999999995,1.0982848017024,0.599931363394837,0.1,1.13128009026506,0.633207387857864,0.1
4.41999999999995,1.09844590774334,0.599947600371757,0.1,1.13149505425089,0.633228466036842,0.1
4.42999999999995,1.09860899487915,0.599963681153561,0.1,1.13171134841255,0.633249262430098,0.1
4.43999999999995,1.09877346541011,0.599979554060615,0.1,1.13192820503857,0.633269711725123,0.1
4.44999999999995,1.09893872924858,0.599995169189578,0.1,1.13214487042484,0.633289751152499,0.1
4.45999999999995,1.09910420577664,0.600010478547124,0.1,1.13236060716291,0.633309320647904,0.1
4.46999999999995,1.09926932563299,0.600025436174377,0.1,1.13257469632509,0.633328363001498,0.1
4.47999999999995,1.09943353242455,0.600039998261844,0.1,1.13278643954087,0.633346823994448,0.1
4.48999999999995,1.09959628435847,0.600054123254628,0.1,1.13299516096001,0.633364652522375,0.1
4.49999999999995,1.0997570557906,0.600067771947775,0.1,1.13320020909776,0.633381800705595,0.1
4.50999999999995,1.09991533868688,0.600080907571627,0.1,1.13340095855843,0.633398223986024,0.1
4.51999999999995,1.10007064399445,0.600093495867109,0.1,1.13359681163396,0.633413881210719,0.1
4.52999999999995,1.1002225029196,0.600105505150876,0.1,1.13378719977453,0.633428734702025,0.1
4.53999999999995,1.10037046811031,0.600116906370332,0.1,1.13397158492887,0.633442750314379,0.1
4.54999999999995,1.10051411474097,0.600127673148531,0.1,1.13414946075246,0.633455897477847,0.1
4.55999999999995,1.10065304149806,0.600137781819007,0.1,1.13432035368209,0.633468149228525,0.1
4.56999999999995,1.10078687146495,0.600147211450642,0.1,1.13448382387601,0.633479482225968,0.1
4.57999999999995,1.10091525290536,0.600155943862677,0.1,1.13463946601913,0.633489876757858,0.1
4.58999999999995,1.10103785994456,0.600163963630021,0.1,1.13478690999342,0.633499316732163,0.1
4.59999999999995,1.10115439314824,0.600171258079047,0.1,1.13492582141391,0.633507789657072,0.1
4.60999999999995,1.10126457999915,0.600177817274075,0.1,1.13505590203135,0.63351528660902,0.1
4.61999999999995,1.10136817527206,0.600183633994789,0.1,1.13517689000282,0.633521802189177,0.1
4.62999999999994,1.10146496130773,0.600188703704853,0.1,1.13528856003218,0.633527334468772,0.1
4.63999999999994,1.10155474818713,0.600193024512,0.1,1.13539072338252,0.63353188492368,0.1
4.64999999999994,1.1016373738074,0.600196597119931,0.1,1.13548322776331,0.633535458358717,0.1
4.65999999999994,1.10171270386117,0.600199424772333,0.1,1.13556595709509,0.633538062822116,0.1
4.66999999999994,1.10178063172154,0.600201513189386,0.1,1.13563883115527,0.633539709510677,0.1
4.67999999999994,1.10184107823482,0.600202870497123,0.1,1.13570180510844,0.633540412666115,0.1
4.68999999999994,1.10189399142378,0.600203507150033,0.1,1.13575486892544,0.633540189463136,0.1
4.69999999999994,1.10193934610428,0.600203435847313,0.1,1.13579804669538,0.633539059889805,0.1
4.70999999999994,1.10197714341824,0.600202671443184,0.1,1.13583139583512,0.633537046620766,0.1
4.71999999999994,1.10200741028648,0.600201230851702,0.1,1.13585500620121,0.6335341748839,0.1
4.72999999999994,1.10203019878477,0.600199132946495,0.1,1.13586899910921,0.633530472321019,0.1
4.73999999999994,1.10204558544686,0.600196398455887,0.1,1.1358735262657,0.633525968843182,0.1
4.74999999999994,1.10205367049842,0.600193049853849,0.1,1.13586876861849,0.633520696481257,0.1
4.75999999999994,1.10205457702594,0.600189111247237,0.1,1.13585493513065,0.633514689232326,0.1
4.76999999999994,1.10204845008461,0.600184608259793,0.1,1.13583226148408,0.633507982902552,0.1
4.77999999999994,1.10203545574974,0.600179567913353,0.1,1.1358010087186,0.633500614947118,0.1
4.78999999999994,1.10201578011592,0.600174018506731,0.1,1.13576146181245,0.633492624307836,0.1
4.79999999999994,1.10198962824848,0.60016798949275,0.1,1.13571392821043,0.633484051249056,0.1
4.80999999999994,1.10195722309184,0.60016151135387,0.1,1.13565873630561,0.633474937192434,0.1
4.81999999999994,1.10191880433934,0.600154615476856,0.1,1.13559623388097,0.633465324551191,0.1
4.82999999999994,1.10187462726924,0.600147334026965,0.1,1.13552678651693,0.633455256564397,0.1
4.83999999999994,1.10182496155147,0.600139699822053,0.1,1.13545077597111,0.633444777131887,0.1
4.84999999999994,1.10177009002992,0.60013174620706,0.1,1.1353685985363,0.633433930650329,0.1
4.85999999999994,1.10171030748485,0.60012350692929,0.1,1.13528066338284,0.633422761851002,0.1
4.86999999999994,1.10164591938016,0.600115016014881,0.1,1.13518739089126,0.633411315639788,0.1
4.87999999999994,1.10157724059989,0.600106307646883,0.1,1.1350892109812,0.633399636939895,0.1
4.88999999999994,1.10150459417883,0.600097416045308,0.1,1.13498656144239,0.63338777053778,0.1
4.89999999999994,1.10142831003132,0.600088375349533,0.1,1.13487988627329,0.633375760932737,0.1
4.90999999999994,1.1013487236829,0.600079219503409,0.1,1.134769634033,0.633363652190592,0.1
4.91999999999994,1.10126617500895,0.600069982143398,0.1,1.13465625621175,0.633351487801916,0.1
4.92999999999994,1.10118100698451,0.600060696490081,0.1,1.13454020562517,0.633339310545147,0.1
4.93999999999994,1.10109356444934,0.600051395243318,0.1,1.13442193483737,0.633327162354993,0.1
4.94999999999994,1.10100419289204,0.600042110481345,0.1,1.1343018946176,0.633315084196448,0.1
4.95999999999994,1.10091323725712,0.60003287356409,0.1,1.13418053243505,0.633303115944749,0.1
4.96999999999994,1.10082104077849,0.60002371504092,0.1,1.13405829099622,0.633291296271541,0.1
4.97999999999994,1.10072794384294,0.600014664563071,0.1,1.13393560682891,0.633279662537535,0.1
4.98999999999994,1.10063428288667,0.600005750800949,0.1,1.13381290891677,0.633268250691873,0.1
4.99999999999994,1.10054038932823,0.599997001366482,0.1,1.13369061738796,0.633257095178407,0.1
5.00999999999994,1.10044658854051,0.599988442740697,0.1,1.13356914226136,0.633246228849086,0.1
5.01999999999994,1.10035319886459,0.599980100206642,0.1,1.13344888225337,0.633235682884578,0.1
5.02999999999994,1.10026053066804,0.599971997787792,0.1,1.13333022364815,0.633225486722258,0.1
5.03999999999994,1.10016888544978,0.599964158192023,0.1,1.13321353923385,0.633215667991662,0.1
5.04999999999994,1.10007855499373,0.599956602761232,0.1,1.13309918730712,0.633206252457462,0.1
5.05999999999994,1.0999898205731,0.59994935142666,0.1,1.1329875107478,0.633197263970001,0.1
5.06999999999994,1.09990295220698,0.599942422669963,0.1,1.13287883616562,0.63318872442342,0.1
5.07999999999994,1.09981820797071,0.599935833490022,0.1,1.13277347312029,0.633180653721327,0.1
5.08999999999994,1.09973583336127,0.599929599375509,0.1,1.13267171341606,0.633173069750008,0.1
5.09999999999993,1.09965606071863,0.59992373428317,0.1,1.13257383047172,0.633165988359085,0.1
5.10999999999993,1.09957910870408,0.599918250621796,0.1,1.13248007876658,0.633159423349551,0.1
5.11999999999993,1.09950518183599,0.599913159241798,0.1,1.13239069336273,0.633153386469057,0.1
5.12999999999993,1.09943447008335,0.599908469430324,0.1,1.13230588950368,0.633147887414332,0.1
5.13999999999993,1.09936714851752,0.599904188911815,0.1,1.13222586228914,0.633142933840559,0.1
5.14999999999993,1.09930337702191,0.599900323853884,0.1,1.13215078642545,0.633138531377552,0.1
5.15999999999993,1.09924330005957,0.599896878878384,0.1,1.13208081605102,0.633134683652521,0.1
5.16999999999993,1.09918704649822,0.599893857077533,0.1,1.13201608463573,0.633131392319225,0.1
5.17999999999993,1.09913472949209,0.599891260034926,0.1,1.13195670495313,0.63312865709326,0.1
5.18999999999993,1.09908644641993,0.599889087851259,0.1,1.13190276912409,0.63312647579326,0.1
5.19999999999993,1.09904227887805,0.599887339174593,0.1,1.13185434873019,0.633124844387725,0.1
5.20999999999993,1.09900229272753,0.599886011234947,0.1,1.13181149499498,0.63312375704721,0.1
5.21999999999993,1.09896653819402,0.599885099883024,0.1,1.13177423903122,0.633123206201589,0.1
5.22999999999993,1.098935050019,0.599884599632838,0.1,1.13174259215178,0.633123182602076,0.1
5.23999999999993,1.09890784766069,0.599884503708037,0.1,1.1317165462418,0.633123675387711,0.1
5.24999999999993,1.09888493554307,0.599884804091668,0.1,1.13169607418965,0.63312467215598,0.1
5.25999999999993,1.09886630335102,0.599885491579148,0.1,1.13168113037392,0.633126159037247,0.1
5.26999999999993,1.09885192636972,0.599886555834206,0.1,1.13167165120366,0.633128120772655,0.1
5.27999999999993,1.09884176586624,0.599887985447527,0.1,1.13166755570891,0.633130540795171,0.1
5.28999999999993,1.09883576951109,0.599889767997849,0.1,1.13166874617835,0.633133401313421,0.1
5.29999999999993,1.09883387183743,0.59989189011526,0.1,1.13167510884115,0.633136683397977,0.1
5.30999999999993,1.09883599473579,0.599894337546421,0.1,1.13168651458949,0.633140367069747,0.1
5.31999999999993,1.09884204798164,0.599897095221466,0.1,1.13170281973865,0.633144431390119,0.1
5.32999999999993,1.09885192979347,0.599900147322299,0.1,1.13172386682115,0.633148854552525,0.1
5.33999999999993,1.09886552741877,0.599903477352048,0.1,1.1317494854116,0.633153613975066,0.1
5.34999999999993,1.09888271774548,0.599907068205395,0.1,1.13177949297878,0.633158686393874,0.1
5.35999999999993,1.09890336793607,0.599910902239534,0.1,1.13181369576141,0.633164047956867,0.1
5.36999999999993,1.0989273360818,0.599914961345501,0.1,1.13185188966425,0.633169674317574,0.1
5.37999999999993,1.09895447187444,0.599919227019622,0.1,1.1318938611709,0.633175540728701,0.1
5.38999999999993,1.09898461729282,0.599923680434832,0.1,1.13193938826991,0.633181622135129,0.1
5.39999999999993,1.09901760730148,0.599928302511634,0.1,1.13198824139075,0.633187893266033,0.1
5.40999999999993,1.09905327055895,0.599933073988445,0.1,1.13204018434622,0.633194328725832,0.1
5.41999999999993,1.09909143013287,0.599937975491121,0.1,1.13209497527794,0.633200903083675,0.1
5.42999999999993,1.09913190421945,0.599942987601423,0.1,1.13215236760162,0.633207590961189,0.1
5.43999999999993,1.09917450686471,0.59994809092423,0.1,1.13221211094887,0.633214367118232,0.1
5.44999999999993,1.09921904868508,0.599953266153278,0.1,1.13227395210247,0.633221206536388,0.1
5.45999999999993,1.09926533758469,0.599958494135241,0.1,1.13233763592189,0.633228084499971,0.1
5.46999999999993,1.09931317946726,0.59996375593197,0.1,1.13240290625629,0.633234976674318,0.1
5.47999999999993,1.09936237894006,0.599969032880712,0.1,1.13246950684192,0.633241859181146,0.1
5.48999999999993,1.09941274000777,0.599974306652142,0.1,1.13253718218136,0.633248708670788,0.1
5.49999999999993,1.09946406675409,0.599979559306063,0.1,1.13260567840189,0.63325550239112,0.1
5.50999999999993,1.099516164009,0.599984773344628,0.1,1.13267474409042,0.633262218253011,0.1
5.51999999999993,1.09956883799972,0.599989931762952,0.1,1.13274413110274,0.63326883489215,0.1
5.52999999999993,1.09962189698345,0.599995018096995,0.1,1.1328135953448,0.633275331727107,0.1
5.53999999999993,1.09967515186014,0.600000016468612,0.1,1.13288289752386,0.63328168901351,0.1
5.54999999999993,1.09972841676356,0.600004911627674,0.1,1.13295180386764,0.633287887894237,0.1
5.55999999999993,1.09978150962913,0.600009688991174,0.1,1.13302008680971,0.633293910445524,0.1
5.56999999999992,1.09983425273712,0.600014334679247,0.1,1.13308752563936,0.633299739718929,0.1
5.57999999999992,1.09988647322971,0.600018835548047,0.1,1.13315390711453,0.633305359779086,0.1
5.58999999999992,1.09993800360084,0.600023179219438,0.1,1.13321902603651,0.633310755737204,0.1
5.59999999999992,1.09998868215765,0.600027354107444,0.1,1.13328268578514,0.633315913780298,0.1
5.60999999999992,1.10003835345258,0.600031349441466,0.1,1.13334469881357,0.633320821196125,0.1
5.61999999999992,1.10008686868519,0.600035155286222,0.1,1.13340488710173,0.633325466393843,0.1
5.62999999999992,1.10013408607303,0.600038762558432,0.1,1.13346308256773,0.633329838920393,0.1
5.63999999999992,1.10017987119087,0.600042163040244,0.1,1.13351912743677,0.633333929472664,0.1
5.64999999999992,1.10022409727781,0.600045349389431,0.1,1.13357287456713,0.633337729905453,0.1
5.65999999999992,1.10026664551192,0.600048315146392,0.1,1.13362418773296,0.633341233235314,0.1
5.66999999999992,1.10030740525203,0.600051054737985,0.1,1.13367294186389,0.633344433640338,0.1
5.67999999999992,1.1003462742467,0.600053563478263,0.1,1.13371902324149,0.633347326455973,0.1
5.68999999999992,1.10038315881015,0.600055837566164,0.1,1.1337623296528,0.633349908166966,0.1
5.69999999999992,1.10041797396536,0.600057874080223,0.1,1.13380277050132,0.63335217639554,0.1
5.70999999999992,1.10045064355445,0.600059670970399,0.1,1.13384026687592,0.633354129885924,0.1
5.71999999999992,1.10048110031671,0.600061227047081,0.1,1.13387475157838,0.633355768485368,0.1
5.72999999999992,1.10050928593462,0.600062541967402,0.1,1.13390616911021,0.633357093121773,0.1
5.73999999999992,1.10053515104836,0.600063616218928,0.1,1.13393447561982,0.633358105778088,0.1
5.74999999999992,1.1005586552395,0.600064451100857,0.1,1.13395963881079,0.633358809463635,0.1
5.75999999999992,1.10057976698448,0.600065048702831,0.1,1.13398163781264,0.633359208182507,0.1
5.76999999999992,1.10059846357859,0.600065411881493,0.1,1.13400046301511,0.633359306899225,0.1
5.77999999999992,1.10061473103158,0.600065544234898,0.1,1.13401611586733,0.633359111501822,0.1
5.78999999999992,1.10062856393549,0.600065450074933,0.1,1.13402860864342,0.633358628762523,0.1
5.79999999999992,1.10063996530608,0.600065134397859,0.1,1.13403796417578,0.633357866296229,0.1
5.80999999999992,1.1006489463986,0.600064602853133,0.1,1.13404421555789,0.633356832516972,0.1
5.81999999999992,1.10065552649937,0.600063861710633,0.1,1.13404740581809,0.633355536592538,0.1
5.82999999999992,1.10065973269418,0.600062917826454,0.1,1.13404758756623,0.633353988397457,0.1
5.83999999999992,1.10066159961483,0.600061778607394,0.1,1.13404482261477,0.633352198464548,0.1
5.84999999999992,1.10066116916516,0.600060451974308,0.1,1.1340391815763,0.633350177935212,0.1
5.85999999999992,1.10065849022793,0.600058946324448,0.1,1.1340307434393,0.633347938508687,0.1
5.86999999999992,1.10065361835384,0.600057270492969,0.1,1.13401959512404,0.633345492390435,0.1
5.87999999999992,1.1006466154343,0.600055433713717,0.1,1.13400583102055,0.633342852239871,0.1
5.88999999999992,1.10063754935925,0.600053445579483,0.1,1.13398955251063,0.633340031117629,0.1
5.89999999999992,1.10062649366156,0.600051316001841,0.1,1.13397086747584,0.633337042432542,0.1
5.90999999999992,1.10061352714953,0.600049055170724,0.1,1.13394988979348,0.633333899888536,0.1
5.91999999999992,1.10059873352891,0.600046673513895,0.1,1.1339267388225,0.633330617431611,0.1
5.92999999999992,1.10058220101611,0.600044181656434,0.1,1.1339015388813,0.633327209197106,0.1
5.93999999999992,1.10056402194385,0.600041590380387,0.1,1.13387441871945,0.633323689457389,0.1
5.94999999999992,1.10054429236099,0.600038910584717,0.1,1.13384551098519,0.63332007257019,0.1
5.95999999999992,1.10052311162791,0.60003615324568,0.1,1.13381495169057,0.633316372927692,0.1
5.96999999999992,1.10050058200894,0.600033329377752,0.1,1.13378287967634,0.63331260490657,0.1
5.97999999999992,1.10047680826322,0.600030449995238,0.1,1.13374943607806,0.633308782819127,0.1
5.98999999999992,1.10045189723564,0.600027526074666,0.1,1.13371476379564,0.633304920865645,0.1
5.99999999999992,1.1004259574489,0.600024568518096,0.1,1.13367900696768,0.63330103308813,0.1
6.00999999999992,1.10039909869843,0.600021588117429,0.1,1.13364231045262,0.633297133325541,0.1
6.01999999999992,1.10037143165124,0.600018595519838,0.1,1.13360481931806,0.633293235170654,0.1
6.02999999999992,1.1003430674501,0.600015601194405,0.1,1.13356667834012,0.63328935192866,0.1
6.03999999999991,1.10031411732423,0.600012615400047,0.1,1.13352803151401,0.633285496577604,0.1
6.04999999999991,1.10028469220778,0.600009648154834,0.1,1.13348902157759,0.633281681730767,0.1
6.05999999999991,1.10025490236716,0.600006709206749,0.1,1.13344978954901,0.633277919601076,0.1
6.06999999999991,1.10022485703836,0.600003808005988,0.1,1.13341047427986,0.633274221967623,0.1
6.07999999999991,1.10019466407523,0.600000953678832,0.1,1.13337121202507,0.633270600144364,0.1
6.08999999999991,1.10016442960981,0.599998155003182,0.1,1.13333213603048,0.633267064951054,0.1
6.09999999999991,1.10013425772546,0.599995420385771,0.1,1.13329337613945,0.633263626686487,0.1
6.10999999999991,1.10010425014384,0.599992757841129,0.1,1.13325505841908,0.633260295104061,0.1
6.11999999999991,1.10007450592627,0.599990174972309,0.1,1.13321730480728,0.633257079389727,0.1
6.12999999999991,1.10004512119051,0.59998767895342,0.1,1.13318023278118,0.633253988142329,0.1
6.13999999999991,1.10001618884326,0.599985276513992,0.1,1.13314395504773,0.633251029356368,0.1
6.14999999999991,1.09998779832928,0.599982973925169,0.1,1.13310857925706,0.633248210407188,0.1
6.15999999999991,1.09996003539743,0.599980776987759,0.1,1.13307420773903,0.633245538038585,0.1
6.16999999999991,1.0999329818842,0.599978691022138,0.1,1.13304093726352,0.633243018352843,0.1
6.17999999999991,1.09990671551502,0.59997672086,0.1,1.13300885882468,0.633240656803162,0.1
6.18999999999991,1.09988130972376,0.599974870837943,0.1,1.13297805744943,0.633238458188472,0.1
6.19999999999991,1.09985683349055,0.599973144792883,0.1,1.13294861203038,0.633236426650585,0.1
6.20999999999991,1.09983335119823,0.599971546059269,0.1,1.13292059518312,0.633234565673667,0.1
6.21999999999991,1.09981092250735,0.599970077468061,0.1,1.13289407312808,0.633232878085957,0.1
6.22999999999991,1.09978960225,0.599968741347464,0.1,1.13286910559661,0.633231366063705,0.1
6.23999999999991,1.0997694403422,0.599967539525349,0.1,1.13284574576127,0.633230031137255,0.1
6.24999999999991,1.09975048171495,0.599966473333339,0.1,1.13282404019,0.633228874199213,0.1
6.25999999999991,1.09973276626373,0.599965543612507,0.1,1.13280402882386,0.633227895514629,0.1
6.26999999999991,1.09971632881619,0.599964750720627,0.1,1.13278574497785,0.633227094733109,0.1
6.27999999999991,1.0997011991178,0.599964094540923,0.1,1.13276921536443,0.63322647090279,0.1
6.28999999999991,1.09968740183526,0.59996357449227,0.1,1.13275446013916,0.63322602248608,0.1
6.29999999999991,1.09967495657702,0.599963189540751,0.1,1.13274149296777,0.633225747377069,0.1
6.30999999999991,1.09966387793075,0.599962938212539,0.1,1.13273032111411,0.633225642920534,0.1
6.31999999999991,1.09965417551718,0.599962818608006,0.1,1.13272094554814,0.633225705932424,0.1
6.32999999999991,1.09964585405973,0.599962828416996,0.1,1.13271336107322,0.633225932721727,0.1
6.33999999999991,1.09963891346945,0.599962964935184,0.1,1.13270755647187,0.633226319113621,0.1
6.34999999999991,1.09963334894466,0.599963225081446,0.1,1.13270351466909,0.633226860473803,0.1
6.35999999999991,1.09962915108461,0.599963605416152,0.1,1.13270121291237,0.633227551733877,0.1
6.36999999999991,1.09962630601647,0.599964102160312,0.1,1.13270062296734,0.633228387417707,0.1
6.37999999999991,1.099624795535,0.599964711215479,0.1,1.13270171132817,0.633229361668621,0.1
6.38999999999991,1.09962459725412,0.599965428184339,0.1,1.13270443944157,0.633230468277341,0.1
6.39999999999991,1.09962568476963,0.599966248391885,0.1,1.13270876394353,0.633231700710553,0.1
6.40999999999991,1.09962802783227,0.599967166907118,0.1,1.13271463690746,0.633233052139982,0.1
6.41999999999991,1.09963159253037,0.59996817856516,0.1,1.13272200610293,0.633234515471883,0.1
6.42999999999991,1.09963634148118,0.599969277989717,0.1,1.13273081526365,0.63323608337682,0.1
6.43999999999991,1.09964223403022,0.599970459615797,0.1,1.1327410043638,0.633237748319639,0.1
6.44999999999991,1.09964922645749,0.599971717712604,0.1,1.13275250990144,0.633239502589517,0.1
6.45999999999991,1.0996572721901,0.59997304640653,0.1,1.1327652651879,0.633241338329997,0.1
6.46999999999991,1.09966632202013,0.599974439704148,0.1,1.13277920064215,0.633243247568889,0.1
6.47999999999991,1.09967632432698,0.599975891515158,0.1,1.13279424408886,0.633245222247952,0.1
6.48999999999991,1.09968722530348,0.599977395675171,0.1,1.13281032105929,0.633247254252257,0.1
6.49999999999991,1.09969896918465,0.599978945968289,0.1,1.1328273550936,0.633249335439123,0.1
6.5099999999999,1.09971149847854,0.59998053614939,0.1,1.13284526804386,0.633251457666562,0.1
6.5199999999999,1.09972475419816,0.599982159966051,0.1,1.13286398037648,0.633253612821123,0.1
6.5299999999999,1.09973867609372,0.599983811180049,0.1,1.1328834114731,0.633255792845058,0.1
6.5399999999999,1.09975320288439,0.599985483588366,0.1,1.13290347992893,0.633257989762745,0.1
6.5499999999999,1.09976827248884,0.599987171043637,0.1,1.1329241038477,0.633260195706266,0.1
6.5599999999999,1.09978382225366,0.599988867473996,0.1,1.13294520113198,0.633262402940101,0.1
6.5699999999999,1.09979978917912,0.599990566902242,0.1,1.13296668976838,0.633264603884847,0.1
6.5799999999999,1.09981611014142,0.599992263464299,0.1,1.13298848810634,0.633266791139912,0.1
6.5899999999999,1.09983272211073,0.599993951426897,0.1,1.13301051513007,0.633268957505127,0.1
6.5999999999999,1.09984956236449,0.599995625204452,0.1,1.13303269072254,0.633271096001227,0.1
6.6099999999999,1.09986656869517,0.599997279375084,0.1,1.13305493592099,0.633273199889145,0.1
6.6199999999999,1.09988367961209,0.599998908695752,0.1,1.13307717316316,0.633275262688089,0.1
6.6299999999999,1.0999008345365,0.600000508116465,0.1,1.13309932652365,0.633277278192355,0.1
6.6399999999999,1.09991797398964,0.600002072793538,0.1,1.1331213219397,0.633279240486856,0.1
6.6499999999999,1.09993503977311,0.600003598101871,0.1,1.13314308742603,0.633281143961328,0.1
6.6599999999999,1.09995197514109,0.600005079646231,0.1,1.13316455327796,0.633282983323204,0.1
6.6699999999999,1.09996872496419,0.600006513271512,0.1,1.13318565226268,0.633284753609128,0.1
6.6799999999999,1.09998523588424,0.60000789507197,0.1,1.13320631979793,0.633286450195109,0.1
6.6899999999999,1.10000145645995,0.600009221399404,0.1,1.13322649411803,0.633288068805297,0.1
6.6999999999999,1.10001733730297,0.600010488870305,0.1,1.13324611642677,0.633289605519394,0.1
6.7099999999999,1.10003283120414,0.60001169437194,0.1,1.13326513103696,0.633291056778686,0.1
6.7199999999999,1.10004789324972,0.600012835067392,0.1,1.13328348549644,0.633292419390718,0.1
6.7299999999999,1.10006248092734,0.600013908399555,0.1,1.13330113070047,0.633293690532615,0.1
6.7399999999999,1.10007655422157,0.600014912094089,0.1,1.13331802099025,0.633294867753074,0.1
6.7499999999999,1.10009007569906,0.60001584416135,0.1,1.13333411423767,0.633295948973038,0.1
6.7599999999999,1.10010301058301,0.600016702897305,0.1,1.13334937191614,0.63329693248509,0.1
6.7699999999999,1.10011532681711,0.600017486883459,0.1,1.13336375915775,0.633297816951576,0.1
6.7799999999999,1.10012699511882,0.600018194985804,0.1,1.1333772447966,0.633298601401513,0.1
6.7899999999999,1.10013798902211,0.600018826352817,0.1,1.13338980139863,0.633299285226302,0.1
6.7999999999999,1.1001482849097,0.600019380412542,0.1,1.13340140527804,0.633299868174287,0.1
6.8099999999999,1.1001578620349,0.600019856868766,0.1,1.13341203650059,0.633300350344213,0.1
6.8199999999999,1.10016670253319,0.60002025569635,0.1,1.13342167887389,0.633300732177613,0.1
6.8299999999999,1.10017479142372,0.600020577135709,0.1,1.13343031992522,0.633301014450187,0.1
6.8399999999999,1.100182116601,0.600020821686519,0.1,1.13343795086696,0.633301198262206,0.1
6.8499999999999,1.10018866881683,0.600020990100657,0.1,1.13344456655023,0.633301285028021,0.1
6.8599999999999,1.10019444165292,0.600021083374429,0.1,1.13345016540697,0.633301276464697,0.1
6.8699999999999,1.10019943148442,0.600021102740124,0.1,1.13345474938098,0.633301174579861,0.1
6.8799999999999,1.10020363743463,0.600021049656939,0.1,1.13345832384843,0.633300981658799,0.1
6.8899999999999,1.10020706132129,0.600020925801308,0.1,1.1334608975282,0.633300700250876,0.1
6.8999999999999,1.10020970759472,0.600020733056703,0.1,1.13346248238269,0.633300333155334,0.1
6.9099999999999,1.10021158326838,0.600020473502923,0.1,1.13346309350958,0.633299883406523,0.1
6.9199999999999,1.10021269784194,0.600020149404948,0.1,1.13346274902507,0.633299354258644,0.1
6.9299999999999,1.10021306321759,0.600019763201378,0.1,1.13346146993931,0.63329874917005,0.1
6.9399999999999,1.10021269360979,0.600019317492527,0.1,1.1334592800244,0.633298071787173,0.1
6.9499999999999,1.10021160544904,0.600018815028211,0.1,1.13345620567576,0.633297325928149,0.1
6.9599999999999,1.10020981728004,0.600018258695266,0.1,1.13345227576733,0.633296515566184,0.1
6.96999999999989,1.10020734965474,0.60001765150487,0.1,1.13344752150139,0.633295644812745,0.1
6.97999999999989,1.10020422502073,0.600016996579696,0.1,1.13344197625345,0.633294717900621,0.1
6.98999999999989,1.10020046760553,0.600016297140946,0.1,1.13343567541291,0.63329373916692,0.1
6.99999999999989,1.10019610329706,0.600015556495322,0.1,1.13342865622024,0.633292713036066,0.1
7.00999999999989,1.10019115952105,0.600014778021972,0.1,1.13342095760109,0.633291644002846,0.1
7.01999999999989,1.10018566511564,0.600013965159455,0.1,1.13341261999814,0.63329053661557,0.1
7.02999999999989,1.10017965020378,0.600013121392781,0.1,1.13340368520124,0.633289395459399,0.1
7.03999999999989,1.10017314606385,0.600012250240546,0.1,1.13339419617642,0.633288225139886,0.1
7.04999999999989,1.10016618499904,0.60001135524223,0.1,1.13338419689451,0.633287030266801,0.1
7.05999999999989,1.1001588002059,0.600010439945682,0.1,1.13337373215982,0.633285815438263,0.1
7.06999999999989,1.10015102564258,0.600009507894833,0.1,1.1333628474395,0.633284585225251,0.1
7.07999999999989,1.10014289589716,0.600008562617675,0.1,1.13335158869425,0.633283344156528,0.1
7.08999999999989,1.10013444605653,0.60000760761455,0.1,1.13334000221078,0.633282096704018,0.1
7.09999999999989,1.10012571157637,0.600006646346763,0.1,1.13332813443668,0.633280847268686,0.1
7.10999999999989,1.10011672815242,0.600005682225577,0.1,1.13331603181813,0.633279600166949,0.1
7.11999999999989,1.10010753159369,0.600004718601592,0.1,1.13330374064103,0.633278359617662,0.1
7.12999999999989,1.10009815769784,0.600003758754565,0.1,1.13329130687593,0.633277129729709,0.1
7.13999999999989,1.10008864212922,0.600002805883665,0.1,1.13327877602725,0.633275914490222,0.1
7.14999999999989,1.10007902029982,0.600001863098223,0.1,1.13326619298731,0.633274717753468,0.1
7.15999999999989,1.10006932725362,0.600000933408964,0.1,1.13325360189536,0.633273543230413,0.1
7.16999999999989,1.10005959755449,0.600000019719763,0.1,1.13324104600221,0.633272394479004,0.1
7.17999999999989,1.10004986517812,0.599999124819942,0.1,1.13322856754065,0.633271274895165,0.1
7.18999999999989,1.10004016340816,0.5999982513771,0.1,1.1332162076021,0.633270187704543,0.1
7.19999999999989,1.10003052473683,0.599997401930528,0.1,1.13320400601965,0.633269135955001,0.1
7.20999999999989,1.10002098077038,0.599996578885181,0.1,1.13319200125791,0.633268122509881,0.1
7.21999999999989,1.10001156213941,0.599995784506242,0.1,1.13318023030976,0.633267150042036,0.1
7.22999999999989,1.10000229841442,0.599995020914271,0.1,1.13316872860034,0.633266221028634,0.1
7.23999999999989,1.0999932180268,0.599994290080952,0.1,1.13315752989835,0.633265337746745,0.1
7.24999999999989,1.09998434819519,0.59999359382543,0.1,1.1331466662349,0.633264502269703,0.1
7.25999999999989,1.09997571485762,0.599992933811254,0.1,1.13313616782993,0.633263716464236,0.1
7.26999999999989,1.09996734260935,0.599992311543902,0.1,1.13312606302643,0.633262981988371,0.1
7.27999999999989,1.09995925464667,0.599991728368909,0.1,1.13311637823236,0.633262300290087,0.1
7.28999999999989,1.09995147271649,0.59999118547057,0.1,1.13310713787051,0.633261672606722,0.1
7.29999999999989,1.09994401707208,0.599990683871225,0.1,1.13309836433608,0.63326109996511,0.1
7.30999999999989,1.09993690643471,0.599990224431112,0.1,1.13309007796214,0.633260583182436,0.1
7.31999999999989,1.09993015796133,0.599989807848774,0.1,1.13308229699283,0.63326012286779,0.1
7.32999999999989,1.09992378721833,0.599989434662015,0.1,1.13307503756435,0.633259719424403,0.1
7.33999999999989,1.09991780816118,0.599989105249374,0.1,1.13306831369339,0.633259373052537,0.1
7.34999999999989,1.09991223312002,0.599988819832128,0.1,1.13306213727325,0.633259083753011,0.1
7.35999999999989,1.09990707279116,0.599988578476773,0.1,1.13305651807715,0.633258851331343,0.1
7.36999999999989,1.09990233623422,0.599988381097999,0.1,1.1330514637688,0.633258675402463,0.1
7.37999999999989,1.099898030875,0.599988227462112,0.1,1.13304697991996,0.633258555395985,0.1
7.38999999999989,1.09989416251386,0.599988117190891,0.1,1.1330430700348,0.633258490562011,0.1
7.39999999999989,1.09989073533944,0.599988049765866,0.1,1.13303973558078,0.633258479977415,0.1
7.40999999999989,1.09988775194763,0.599988024532982,0.1,1.13303697602594,0.633258522552602,0.1
7.41999999999989,1.09988521336558,0.599988040707627,0.1,1.13303478888217,0.633258617038686,0.1
7.42999999999989,1.09988311908056,0.599988097380011,0.1,1.13303316975437,0.633258762035075,0.1
7.43999999999988,1.09988146707353,0.599988193520849,0.1,1.13303211239499,0.633258955997408,0.1
7.44999999999988,1.09988025385704,0.599988327987348,0.1,1.13303160876395,0.633259197245822,0.1
7.45999999999988,1.09987947451752,0.599988499529445,0.1,1.13303164909325,0.633259483973515,0.1
7.46999999999988,1.09987912276145,0.599988706796295,0.1,1.13303222195633,0.633259814255561,0.1
7.47999999999988,1.09987919096535,0.599988948342957,0.1,1.13303331434154,0.63326018605795,0.1
7.48999999999988,1.09987967022921,0.599989222637273,0.1,1.13303491172958,0.63326059724681,0.1
7.49999999999988,1.09988055043329,0.5999895280669,0.1,1.13303699817447,0.633261045597779,0.1
7.50999999999988,1.09988182029778,0.599989862946466,0.1,1.13303955638769,0.633261528805498,0.1
7.51999999999988,1.09988346744529,0.599990225524833,0.1,1.13304256782526,0.63326204449318,0.1
7.52999999999988,1.09988547846575,0.599990613992436,0.1,1.13304601277719,0.633262590222221,0.1
7.53999999999988,1.0998878389835,0.599991026488662,0.1,1.13304987045913,0.633263163501832,0.1
7.54999999999988,1.09989053372632,0.599991461109259,0.1,1.13305411910581,0.633263761798642,0.1
7.55999999999988,1.09989354659605,0.599991915913739,0.1,1.13305873606585,0.633264382546251,0.1
7.56999999999988,1.09989686074062,0.599992388932748,0.1,1.13306369789768,0.633265023154697,0.1
7.57999999999988,1.09990045862714,0.599992878175388,0.1,1.13306898046612,0.633265681019808,0.1
7.58999999999988,1.09990432211579,0.599993381636459,0.1,1.13307455903936,0.633266353532406,0.1
7.59999999999988,1.09990843253432,0.599993897303598,0.1,1.13308040838601,0.633267038087343,0.1
7.60999999999988,1.09991277075276,0.5999944231643,0.1,1.13308650287176,0.633267732092323,0.1
7.61999999999988,1.09991731725818,0.59999495721279,0.1,1.13309281655546,0.633268432976517,0.1
7.62999999999988,1.09992205222923,0.599995497456735,0.1,1.13309932328428,0.633269138198904,0.1
7.63999999999988,1.09992695561016,0.599996041923767,0.1,1.13310599678757,0.633269845256353,0.1
7.64999999999988,1.09993200718415,0.599996588667804,0.1,1.13311281076919,0.6332705516914,0.1
7.65999999999988,1.09993718664566,0.599997135775153,0.1,1.13311973899805,0.63327125509971,0.1
7.66999999999988,1.09994247367157,0.599997681370377,0.1,1.13312675539647,0.633271953137201,0.1
7.67999999999988,1.09994784799095,0.599998223621904,0.1,1.13313383412628,0.633272643526813,0.1
7.68999999999988,1.09995328945317,0.599998760747382,0.1,1.13314094967221,0.633273324064912,0.1
7.69999999999988,1.09995877809424,0.599999291018742,0.1,1.13314807692254,0.633273992627302,0.1
7.70999999999988,1.0999642942011,0.59999981276698,0.1,1.13315519124663,0.63327464717485,0.1
7.71999999999988,1.09996981837376,0.600000324386638,0.1,1.1331622685692,0.633275285758695,0.1
7.72999999999988,1.09997533158506,0.600000824339971,0.1,1.13316928544125,0.633275906525043,0.1
7.73999999999988,1.09998081523796,0.600001311160804,0.1,1.1331762191072,0.633276507719539,0.1
7.74999999999988,1.09998625122013,0.600001783458055,0.1,1.13318304756845,0.633277087691206,0.1
7.75999999999988,1.09999162195581,0.600002239918938,0.1,1.13318974964291,0.633277644895947,0.1
7.76999999999988,1.09999691045474,0.600002679311832,0.1,1.13319630502054,0.633278177899613,0.1
7.77999999999988,1.10000210035805,0.600003100488804,0.1,1.13320269431472,0.633278685380628,0.1
7.78999999999988,1.10000717598114,0.600003502387808,0.1,1.13320889910949,0.633279166132173,0.1
7.79999999999988,1.10001212235327,0.600003884034534,0.1,1.13321490200236,0.633279619063937,0.1
7.80999999999988,1.10001692525397,0.600004244543926,0.1,1.13322068664284,0.633280043203427,0.1
7.81999999999988,1.10002157124607,0.600004583121359,0.1,1.13322623776658,0.633280437696853,0.1
7.82999999999988,1.10002604770546,0.600004899063492,0.1,1.13323154122503,0.633280801809585,0.1
7.83999999999988,1.10003034284737,0.600005191758778,0.1,1.13323658401071,0.633281134926194,0.1
7.84999999999988,1.10003444574931,0.600005460687661,0.1,1.13324135427805,0.633281436550083,0.1
7.85999999999988,1.10003834637055,0.600005705422453,0.1,1.13324584135979,0.633281706302724,0.1
7.86999999999988,1.10004203556821,0.600005925626893,0.1,1.13325003577904,0.633281943922495,0.1
7.87999999999988,1.10004550510995,0.600006121055416,0.1,1.133253929257,0.63328214926316,0.1
7.88999999999988,1.10004874768327,0.600006291552111,0.1,1.13325751471641,0.633282322291967,0.1
7.89999999999988,1.10005175690152,0.600006437049409,0.1,1.13326078628088,0.633282463087405,0.1
7.90999999999987,1.10005452730658,0.60000655756649,0.1,1.13326373927001,0.633282571836632,0.1
7.91999999999987,1.1000570543683,0.600006653207424,0.1,1.13326637019064,0.633282648832575,0.1
7.92999999999987,1.1000593344809,0.600006724159066,0.1,1.13326867672414,0.633282694470735,0.1
7.93999999999987,1.10006136495611,0.60000677068871,0.1,1.13327065770997,0.633282709245704,0.1
7.94999999999987,1.10006314401348,0.600006793141514,0.1,1.13327231312562,0.633282693747415,0.1
7.95999999999987,1.10006467076768,0.600006791937718,0.1,1.13327364406307,0.633282648657147,0.1
7.96999999999987,1.1000659452131,0.600006767569655,0.1,1.13327465270192,0.6332825747433,0.1
7.97999999999987,1.10006696820564,0.600006720598588,0.1,1.13327534227939,0.633282472856951,0.1
7.98999999999987,1.10006774144207,0.600006651651366,0.1,1.13327571705724,0.633282343927232,0.1
7.99999999999987,1.10006826743687,0.600006561416933,0.1,1.13327578228598,0.63328218895653,0.1
8.00999999999987,1.10006854949674,0.600006450642694,0.1,1.13327554416634,0.633282009015535,0.1
8.01999999999987,1.10006859169301,0.600006320130756,0.1,1.13327500980838,0.633281805238159,0.1
8.02999999999987,1.1000683988319,0.60000617073406,0.1,1.13327418718825,0.633281578816346,0.1
8.03999999999987,1.100067976423,0.600006003352421,0.1,1.13327308510293,0.633281330994788,0.1
8.04999999999987,1.1000673306459,0.600005818928489,0.1,1.13327171312312,0.63328106306557,0.1
8.05999999999987,1.10006646831529,0.600005618443645,0.1,1.13327008154441,0.633280776362768,0.1
8.06999999999987,1.10006539684458,0.600005402913851,0.1,1.13326820133702,0.63328047225701,0.1
8.07999999999987,1.10006412420823,0.600005173385469,0.1,1.13326608409425,0.633280152150029,0.1
8.08999999999987,1.10006265890294,0.60000493093106,0.1,1.13326374197989,0.633279817469223,0.1
8.09999999999987,1.10006100990787,0.600004676645182,0.1,1.13326118767476,0.633279469662232,0.1
8.10999999999987,1.10005918664403,0.600004411640198,0.1,1.13325843432259,0.633279110191571,0.1
8.11999999999987,1.10005719893298,0.600004137042111,0.1,1.13325549547543,0.633278740529314,0.1
8.12999999999987,1.10005505695504,0.600003853986441,0.1,1.13325238503881,0.633278362151858,0.1
8.13999999999987,1.10005277120715,0.600003563614146,0.1,1.13324911721681,0.633277976534784,0.1
8.14999999999987,1.10005035246044,0.60000326706762,0.1,1.13324570645731,0.633277585147822,0.1
8.15999999999987,1.10004781171786,0.600002965486758,0.1,1.13324216739741,0.633277189449944,0.1
8.16999999999987,1.10004516017178,0.600002660005119,0.1,1.13323851480951,0.633276790884596,0.1
8.17999999999987,1.10004240916191,0.600002351746187,0.1,1.13323476354787,0.633276390875081,0.1
8.18999999999987,1.10003957013352,0.600002041819741,0.1,1.13323092849616,0.633275990820107,0.1
8.19999999999987,1.10003665459615,0.600001731318348,0.1,1.13322702451587,0.633275592089508,0.1
8.20999999999987,1.10003367408308,0.600001421313993,0.1,1.13322306639592,0.633275196020163,0.1
8.21999999999987,1.10003064011136,0.600001112854838,0.1,1.1332190688036,0.633274803912096,0.1
8.22999999999987,1.1000275641429,0.600000806962136,0.1,1.13321504623686,0.633274417024803,0.1
8.23999999999987,1.10002445754643,0.600000504627306,0.1,1.13321101297825,0.633274036573773,0.1
8.24999999999987,1.10002133156063,0.600000206809153,0.1,1.13320698305049,0.633273663727251,0.1
8.25999999999987,1.10001819725843,0.599999914431277,0.1,1.13320297017392,0.633273299603215,0.1
8.26999999999987,1.10001506551263,0.599999628379642,0.1,1.13319898772578,0.633272945266597,0.1
8.27999999999987,1.10001194696292,0.599999349500327,0.1,1.1331950487016,0.633272601726738,0.1
8.28999999999987,1.10000885198434,0.599999078597463,0.1,1.1331911656786,0.633272269935088,0.1
8.29999999999987,1.10000579065734,0.599998816431351,0.1,1.1331873507814,0.633271950783153,0.1
8.30999999999987,1.10000277273944,0.599998563716774,0.1,1.13318361564987,0.63327164510069,0.1
8.31999999999987,1.09999980763858,0.59999832112149,0.1,1.13317997140942,0.633271353654143,0.1
8.32999999999987,1.09999690438818,0.599998089264931,0.1,1.13317642864351,0.633271077145342,0.1
8.33999999999987,1.09999407162411,0.599997868717078,0.1,1.13317299736881,0.633270816210436,0.1
8.34999999999987,1.09999131756331,0.599997659997539,0.1,1.13316968701259,0.633270571419085,0.1
8.35999999999987,1.09998864998445,0.599997463574813,0.1,1.13316650639271,0.633270343273886,0.1
8.36999999999987,1.0999860762104,0.599997279865748,0.1,1.13316346370014,0.633270132210046,0.1
8.37999999999987,1.09998360309262,0.599997109235182,0.1,1.1331605664839,0.633269938595293,0.1
8.38999999999987,1.09998123699753,0.599996951995768,0.1,1.13315782163857,0.633269762730018,0.1
8.39999999999987,1.09997898379472,0.59999680840799,0.1,1.13315523539425,0.633269604847642,0.1
8.40999999999987,1.09997684884725,0.599996678680343,0.1,1.13315281330909,0.633269465115209,0.1
8.41999999999986,1.09997483700372,0.599996562969701,0.1,1.13315056026415,0.633269343634193,0.1
8.42999999999986,1.09997295259237,0.599996461381841,0.1,1.13314848046079,0.633269240441508,0.1
8.43999999999986,1.09997119941705,0.59999637397214,0.1,1.1331465774204,0.633269155510726,0.1
8.44999999999986,1.09996958075501,0.599996300746424,0.1,1.13314485398645,0.633269088753478,0.1
8.45999999999986,1.09996809935662,0.599996241661972,0.1,1.1331433123288,0.633269040021043,0.1
8.46999999999986,1.09996675744684,0.599996196628665,0.1,1.13314195395033,0.633269009106112,0.1
8.47999999999986,1.09996555672848,0.599996165510267,0.1,1.13314077969557,0.633268995744709,0.1
8.48999999999986,1.09996449838714,0.599996148125848,0.1,1.13313978976149,0.633268999618272,0.1
8.49999999999986,1.09996358309783,0.599996144251321,0.1,1.13313898371028,0.633269020355878,0.1
8.50999999999986,1.09996281103325,0.599996153621097,0.1,1.13313836048403,0.633269057536594,0.1
8.51999999999986,1.09996218187352,0.599996175929849,0.1,1.13313791842116,0.633269110691961,0.1
8.52999999999986,1.09996169481744,0.599996210834376,0.1,1.13313765527471,0.633269179308579,0.1
8.53999999999986,1.09996134859521,0.599996257955557,0.1,1.13313756823213,0.633269262830797,0.1
8.54999999999986,1.09996114148237,0.599996316880381,0.1,1.13313765393664,0.633269360663492,0.1
8.55999999999986,1.09996107131511,0.599996387164064,0.1,1.13313790851005,0.633269472174926,0.1
8.56999999999986,1.09996113550671,0.599996468332218,0.1,1.1331383275768,0.633269596699664,0.1
8.57999999999986,1.09996133106511,0.599996559883084,0.1,1.13313890628928,0.633269733541553,0.1
8.58999999999986,1.0999616546115,0.599996661289811,0.1,1.13313963935422,0.633269881976739,0.1
8.59999999999986,1.09996210239979,0.599996772002769,0.1,1.13314052106003,0.633270041256723,0.1
8.60999999999986,1.09996267033705,0.599996891451898,0.1,1.13314154530505,0.633270210611429,0.1
8.61999999999986,1.09996335400458,0.599997019049078,0.1,1.13314270562651,0.633270389252289,0.1
8.62999999999986,1.09996414867975,0.599997154190505,0.1,1.13314399523012,0.633270576375325,0.1
8.63999999999986,1.09996504935842,0.59999729625908,0.1,1.13314540702023,0.633270771164221,0.1
8.64999999999986,1.09996605077776,0.599997444626788,0.1,1.13314693363035,0.633270972793368,0.1
8.65999999999986,1.09996714743963,0.599997598657069,0.1,1.13314856745397,0.633271180430888,0.1
8.66999999999986,1.0999683336342,0.599997757707167,0.1,1.13315030067559,0.633271393241605,0.1
8.67999999999986,1.09996960346375,0.599997921130453,0.1,1.13315212530178,0.633271610389975,0.1
8.68999999999986,1.09997095086678,0.599998088278711,0.1,1.1331540331922,0.63327183104295,0.1
8.69999999999986,1.099972369642,0.599998258504385,0.1,1.13315601609059,0.633272054372779,0.1
8.70999999999986,1.09997385347243,0.599998431162779,0.1,1.13315806565531,0.633272279559729,0.1
8.71999999999986,1.09997539594936,0.599998605614192,0.1,1.13316017348977,0.633272505794725,0.1
8.72999999999986,1.09997699059609,0.599998781226007,0.1,1.13316233117219,0.633272732281894,0.1
8.73999999999986,1.09997863089149,0.599998957374699,0.1,1.13316453028504,0.633272958241019,0.1
8.74999999999986,1.09998031029315,0.59999913344778,0.1,1.13316676244369,0.633273182909879,0.1
8.75999999999986,1.09998202226015,0.59999930884566,0.1,1.13316901932444,0.633273405546488,0.1
8.76999999999986,1.09998376027541,0.599999482983427,0.1,1.13317129269173,0.63327362543121,0.1
8.77999999999986,1.09998551786737,0.599999655292545,0.1,1.13317357442452,0.633273841868763,0.1
8.78999999999986,1.09998728863124,0.599999825222454,0.1,1.13317585654165,0.633274054190086,0.1
8.79999999999986,1.09998906624941,0.599999992242079,0.1,1.13317813122628,0.633274261754087,0.1
8.80999999999986,1.09999084451124,0.600000155841242,0.1,1.13318039084923,0.63327446394926,0.1
8.81999999999986,1.09999261733211,0.600000315531973,0.1,1.13318262799119,0.633274660195158,0.1
8.82999999999986,1.09999437877151,0.600000470849716,0.1,1.13318483546371,0.633274849943738,0.1
8.83999999999986,1.09999612305041,0.600000621354433,0.1,1.13318700632909,0.63327503268056,0.1
8.84999999999986,1.09999784456763,0.600000766631601,0.1,1.13318913391882,0.633275207925855,0.1
8.85999999999986,1.0999995379153,0.600000906293098,0.1,1.13319121185089,0.633275375235445,0.1
8.86999999999986,1.10000119789333,0.600001039977987,0.1,1.13319323404563,0.633275534201522,0.1
8.87999999999986,1.10000281952291,0.600001167353184,0.1,1.13319519474027,0.633275684453291,0.1
8.88999999999985,1.10000439805886,0.600001288114024,0.1,1.13319708850206,0.633275825657472,0.1
8.89999999999985,1.10000592900111,0.600001401984709,0.1,1.13319891024004,0.633275957518656,0.1
8.90999999999985,1.10000740810493,0.600001508718661,0.1,1.13320065521533,0.63327607977954,0.1
8.91999999999985,1.1000088313902,0.600001608098754,0.1,1.13320231905006,0.633276192221006,0.1
8.92999999999985,1.10001019514948,0.600001699937454,0.1,1.13320389773487,0.633276294662084,0.1
8.93999999999985,1.10001149595513,0.600001784076843,0.1,1.13320538763495,0.633276386959779,0.1
8.94999999999985,1.10001273066515,0.600001860388548,0.1,1.13320678549474,0.633276469008772,0.1
8.95999999999985,1.10001389642806,0.600001928773574,0.1,1.13320808844116,0.633276540740998,0.1
8.96999999999985,1.10001499068663,0.600001989162031,0.1,1.13320929398554,0.633276602125105,0.1
8.97999999999985,1.10001601118053,0.600002041512772,0.1,1.13321040002413,0.633276653165802,0.1
8.98999999999985,1.10001695594795,0.600002085812943,0.1,1.13321140483735,0.633276693903092,0.1
8.99999999999985,1.10001782332608,0.600002122077442,0.1,1.13321230708763,0.633276724411404,0.1
9.00999999999985,1.10001861195067,0.600002150348294,0.1,1.13321310581616,0.633276744798624,0.1
9.01999999999985,1.1000193207545,0.60000217069395,0.1,1.13321380043819,0.63327675520503,0.1
9.02999999999985,1.10001994896491,0.600002183208504,0.1,1.1332143907374,0.633276755802141,0.1
9.03999999999985,1.10002049610035,0.600002188010848,0.1,1.13321487685887,0.633276746791482,0.1
9.04999999999985,1.100020961966,0.60000218524375,0.1,1.13321525930117,0.633276728403271,0.1
9.05999999999985,1.10002134664853,0.600002175072876,0.1,1.1332155389073,0.633276700895038,0.1
9.06999999999985,1.10002165051003,0.60000215768575,0.1,1.1332157168546,0.633276664550171,0.1
9.07999999999985,1.10002187418102,0.600002133290664,0.1,1.13321579464388,0.633276619676418,0.1
9.08999999999985,1.10002201855282,0.600002102115539,0.1,1.1332157740875,0.633276566604322,0.1
9.09999999999985,1.10002208476909,0.600002064406739,0.1,1.13321565729671,0.63327650568562,0.1
9.10999999999985,1.10002207421672,0.600002020427853,0.1,1.13321544666826,0.633276437291599,0.1
9.11999999999985,1.10002198851609,0.600001970458434,0.1,1.13321514487025,0.633276361811418,0.1
9.12999999999985,1.10002182951071,0.600001914792723,0.1,1.13321475482735,0.633276279650408,0.1
9.13999999999985,1.10002159925632,0.600001853738332,0.1,1.13321427970551,0.633276191228349,0.1
9.14999999999985,1.1000213000095,0.600001787614928,0.1,1.13321372289609,0.633276096977734,0.1
9.15999999999985,1.10002093421579,0.600001716752882,0.1,1.13321308799958,0.633275997342022,0.1
9.16999999999985,1.1000205044975,0.600001641491929,0.1,1.13321237880895,0.633275892773899,0.1
9.17999999999985,1.10002001364104,0.600001562179811,0.1,1.13321159929269,0.633275783733531,0.1
9.18999999999985,1.10001946458408,0.600001479170923,0.1,1.13321075357754,0.633275670686839,0.1
9.19999999999985,1.10001886040234,0.60000139282497,0.1,1.13320984593114,0.633275554103783,0.1
9.20999999999985,1.1000182042963,0.600001303505624,0.1,1.13320888074447,0.633275434456671,0.1
9.21999999999985,1.10001749957765,0.600001211579207,0.1,1.13320786251428,0.633275312218494,0.1
9.22999999999985,1.10001674965572,0.600001117413378,0.1,1.13320679582549,0.633275187861294,0.1
9.23999999999985,1.10001595802381,0.600001021375857,0.1,1.1332056853337,0.633275061854565,0.1
9.24999999999985,1.10001512824553,0.600000923833165,0.1,1.13320453574777,0.633274934663706,0.1
9.25999999999985,1.10001426394117,0.600000825149395,0.1,1.13320335181262,0.633274806748505,0.1
9.26999999999985,1.10001336877421,0.600000725685026,0.1,1.13320213829222,0.633274678561691,0.1
9.27999999999985,1.10001244643787,0.600000625795759,0.1,1.13320089995292,0.633274550547525,0.1
9.28999999999985,1.10001150064193,0.600000525831407,0.1,1.13319964154707,0.633274423140457,0.1
9.29999999999985,1.10001053509969,0.600000426134818,0.1,1.13319836779708,0.633274296763846,0.1
9.30999999999985,1.10000955351525,0.600000327040851,0.1,1.13319708337984,0.633274171828737,0.1
9.31999999999985,1.10000855957101,0.600000228875398,0.1,1.13319579291169,0.633274048732714,0.1
9.32999999999985,1.1000075569156,0.600000131954453,0.1,1.13319450093387,0.633273927858815,0.1
9.33999999999985,1.10000654915207,0.600000036583242,0.1,1.13319321189857,0.633273809574529,0.1
9.34999999999985,1.10000553982656,0.599999943055397,0.1,1.13319193015547,0.633273694230853,0.1
9.35999999999984,1.10000453241736,0.599999851652199,0.1,1.13319065993908,0.633273582161442,0.1
9.36999999999984,1.10000353032443,0.59999976264187,0.1,1.13318940535655,0.633273473681821,0.1
9.37999999999984,1.1000025368594,0.599999676278926,0.1,1.13318817037632,0.633273369088683,0.1
9.38999999999984,1.10000155523612,0.599999592803591,0.1,1.13318695881741,0.633273268659268,0.1
9.39999999999984,1.10000058856167,0.599999512441274,0.1,1.13318577433943,0.633273172650812,0.1
9.40999999999984,1.09999963982795,0.599999435402102,0.1,1.13318462043337,0.633273081300087,0.1
9.41999999999984,1.09999871190389,0.599999361880519,0.1,1.13318350041319,0.633272994823014,0.1
9.42999999999984,1.09999780752815,0.599999292054949,0.1,1.1331824174081,0.633272913414355,0.1
9.43999999999984,1.09999692930247,0.599999226087512,0.1,1.13318137435574,0.633272837247489,0.1
9.44999999999984,1.0999960796856,0.59999916412381,0.1,1.13318037399605,0.633272766474261,0.1
9.45999999999984,1.0999952609879,0.599999106292773,0.1,1.13317941886604,0.633272701224907,0.1
9.46999999999984,1.09999447536646,0.599999052706557,0.1,1.13317851129532,0.63327264160806,0.1
9.47999999999984,1.09999372482093,0.599999003460512,0.1,1.13317765340238,0.633272587710827,0.1
9.48999999999984,1.09999301118993,0.599998958633203,0.1,1.1331768470918,0.633272539598933,0.1
9.49999999999984,1.09999233614812,0.599998918286485,0.1,1.13317609405211,0.633272497316946,0.1
9.50999999999984,1.09999170120382,0.599998882465641,0.1,1.13317539575452,0.633272460888559,0.1
9.51999999999984,1.09999110769733,0.599998851199566,0.1,1.13317475345241,0.633272430316943,0.1
9.52999999999984,1.09999055679982,0.599998824501007,0.1,1.13317416818152,0.633272405585166,0.1
9.53999999999984,1.09999004951281,0.599998802366854,0.1,1.13317364076097,0.633272386656661,0.1
9.54999999999984,1.09998958666825,0.599998784778478,0.1,1.13317317179493,0.633272373475763,0.1
9.55999999999984,1.09998916892918,0.599998771702113,0.1,1.13317276167499,0.633272365968298,0.1
9.56999999999984,1.09998879679097,0.599998763089287,0.1,1.1331724105833,0.633272364042216,0.1
9.57999999999984,1.09998847058306,0.599998758877286,0.1,1.1331721184962,0.63327236758828,0.1
9.58999999999984,1.09998819047129,0.599998758989668,0.1,1.13317188518865,0.633272376480794,0.1
9.59999999999984,1.09998795646069,0.599998763336802,0.1,1.13317171023916,0.633272390578378,0.1
9.60999999999984,1.09998776839879,0.59999877181645,0.1,1.13317159303528,0.633272409724775,0.1
9.61999999999984,1.09998762597937,0.599998784314372,0.1,1.13317153277967,0.633272433749694,0.1
9.62999999999984,1.09998752874672,0.59999880070497,0.1,1.13317152849671,0.633272462469687,0.1
9.63999999999984,1.09998747610026,0.599998820851946,0.1,1.13317157903946,0.633272495689045,0.1
9.64999999999984,1.09998746729955,0.599998844608989,0.1,1.1331716830972,0.633272533200726,0.1
9.65999999999984,1.09998750146975,0.599998871820483,0.1,1.13317183920331,0.633272574787298,0.1
9.66999999999984,1.09998757760737,0.599998902322231,0.1,1.13317204574349,0.633272620221896,0.1
9.67999999999984,1.09998769458634,0.599998935942187,0.1,1.13317230096437,0.633272669269199,0.1
9.68999999999984,1.09998785116438,0.599998972501213,0.1,1.1331726029824,0.633272721686404,0.1
9.69999999999984,1.09998804598966,0.599999011813833,0.1,1.13317294979298,0.63327277722422,0.1
9.70999999999984,1.09998827760764,0.599999053688995,0.1,1.13317333927984,0.633272835627847,0.1
9.71999999999984,1.09998854446823,0.599999097930844,0.1,1.13317376922462,0.633272896637969,0.1
9.72999999999984,1.09998884493295,0.599999144339485,0.1,1.13317423731654,0.633272959991734,0.1
9.73999999999984,1.09998917728244,0.599999192711751,0.1,1.13317474116225,0.633273025423723,0.1
9.74999999999984,1.09998953972396,0.599999242841963,0.1,1.13317527829572,0.633273092666915,0.1
9.75999999999984,1.09998993039899,0.599999294522686,0.1,1.13317584618822,0.633273161453633,0.1
9.76999999999984,1.09999034739103,0.599999347545471,0.1,1.13317644225822,0.633273231516473,0.1
9.77999999999984,1.09999078873324,0.599999401701591,0.1,1.13317706388134,0.633273302589213,0.1
9.78999999999984,1.09999125241624,0.599999456782754,0.1,1.13317770840027,0.633273374407702,0.1
9.79999999999984,1.09999173639586,0.599999512581812,0.1,1.13317837313445,0.633273446710719,0.1
9.80999999999984,1.09999223860081,0.599999568893438,0.1,1.13317905538981,0.633273519240803,0.1
9.81999999999984,1.09999275694031,0.599999625514794,0.1,1.13317975246822,0.633273591745063,0.1
9.82999999999983,1.09999328931166,0.599999682246171,0.1,1.13318046167683,0.633273663975941,0.1
9.83999999999983,1.09999383360765,0.599999738891605,0.1,1.13318118033718,0.633273735691956,0.1
9.84999999999983,1.09999438772383,0.599999795259471,0.1,1.13318190579401,0.633273806658395,0.1
9.85999999999983,1.09999494956566,0.599999851163044,0.1,1.13318263542396,0.633273876647985,0.1
9.86999999999983,1.09999551705546,0.599999906421042,0.1,1.1331833666438,0.63327394544151,0.1
9.87999999999983,1.09999608813913,0.599999960858124,0.1,1.13318409691847,0.633274012828397,0.1
9.88999999999983,1.09999666079271,0.600000014305373,0.1,1.13318482376876,0.633274078607255,0.1
9.89999999999983,1.09999723302862,0.600000066600736,0.1,1.13318554477864,0.633274142586375,0.1
9.90999999999983,1.09999780290176,0.60000011758944,0.1,1.13318625760218,0.633274204584185,0.1
9.91999999999983,1.09999836851523,0.600000167124364,0.1,1.13318695997015,0.633274264429662,0.1
9.92999999999983,1.09999892802581,0.600000215066389,0.1,1.1331876496962,0.633274321962693,0.1
9.93999999999983,1.09999947964916,0.600000261284705,0.1,1.13318832468262,0.633274377034405,0.1
9.94999999999983,1.1000000216647,0.600000305657088,0.1,1.13318898292563,0.633274429507434,0.1
9.95999999999983,1.10000055242017,0.600000348070135,0.1,1.13318962252036,0.633274479256158,0.1
9.96999999999983,1.10000107033583,0.600000388419478,0.1,1.13319024166526,0.633274526166887,0.1
9.97999999999983,1.1000015739084,0.600000426609945,0.1,1.13319083866616,0.633274570137998,0.1
9.98999999999983,1.10000206171459,0.600000462555702,0.1,1.13319141193982,0.633274611080037,0.1
9.99999999999983,1.10000253241432,0.600000496180347,0.1,1.13319196001701,0.633274648915772,0.1
10.0099999999998,1.10000298475356,0.600000527416983,0.1,1.13319248154526,0.633274683580202,0.1
